{"mean": [-1254.9426830531977, -1230.4155419476235, -1175.1316865745619, -1169.1296617617693, -1052.4681168667116, -1133.4052987584648, -1041.5664991051815, -1032.0639580987151, -977.9783049572958, -996.0215134210358, -956.9659111700062, -908.9616921847461, -922.2743485527362, -977.3218802929509, -968.5767737466335, -952.698796354678, -966.8031134814169, -1010.1947173477841, -1076.88446989973, -803.8246864689175, -876.2080607294306, -809.770801665133, -751.4978808705464, -964.9432918307092, -786.8041296446545, -912.6795726777365, -641.3966415052968, -868.8578343655612, -735.5288617427327, -1028.6048615603443, -617.9797203014865, -430.6911437224196, -735.2350872011784, -526.6631150535611, -677.6294665472749, -141.70088100148322, -294.9771404633838, -376.77604901350605, -546.848949807709, -633.6153762725033, 146.25575061777621, 242.59598130619165, -186.15238532517515, -110.57832731547086, 174.88184276100017, -223.22606462450224, -66.6214993087893, 41.16834329341358, -606.1180633181651, 56.47636285227694, 255.74498506528562, 27.639535729741073, -13.308604251639963, 149.9837517370029, -12.510979218794963, 155.80207710359562, 230.6611802192808, 270.3435944914407, 366.57962865061654, 343.21073363249025, 287.54734568377404, 376.06390160559243, 278.7777139151911, 122.37457643393311, 337.0056002767958, 296.3886495669761, 222.17741803993908, 195.01253085436906, 168.06498303971048, 34.5619517534013, 138.46367271019508, 331.79512647760623, 291.11037328619204, 296.9087843732881, 330.68838255528215, 160.7073886540627, 367.07273389772445, 318.3735411651667, 364.74019937703855, 274.8361602455771, 355.4198088232297, 205.50075017937584, -161.23880744407256, 181.78971161152086, 152.7500548421904, 387.9584367968551, 176.6489214190973, 43.349860910955165, 174.4485542488512, 215.9628468127497, 122.04127784849436, 399.23475627104625, 201.8050809895241, 408.43510917438624, 257.71933965295335, 355.02209786932787, 386.8326812013931, 345.3105787983549, 314.0634261436721, 414.25238361394395, 372.9378651184488], "upper": [-1057.0621756313783, -1146.513266816064, -962.7718143469448, -1041.3654570025606, -926.6582739519029, -1017.3548115897329, -873.1600132179631, -931.3920668482923, -896.9939542288807, -892.4943328999184, -848.9121245736883, -820.5278338655188, -845.3828566076344, -814.0713825991304, -832.9331541658986, -838.0123161288769, -758.4673902980556, -732.9425425652806, -778.7803270379519, -742.2493952509834, -716.1563611826298, -705.9070802423091, -673.177986174882, -777.7102355950692, -593.5871967241955, -598.371299981554, -169.36981634899865, -664.294844257843, -557.8995848343158, -705.3187124670711, 11.462860346630547, 425.5679622468019, -310.3414674501093, -28.10192486465671, 272.24281300416214, 463.4080675862066, 396.81901914892893, 406.806772937974, 53.889971141729596, 400.02283159495863, 438.60970704582473, 459.9565616138331, 462.29547219780454, 469.5225880187267, 471.5401216784596, 469.59186781741636, 488.26015839458745, 462.5469958374817, 508.6413932861834, 487.62819185385126, 479.8251121168648, 480.5094724256834, 491.89859779123077, 469.13384874844746, 434.9948008503755, 490.365559243741, 509.8132692011031, 454.1151882454069, 469.78987498339404, 472.9765096659614, 479.4555070968534, 481.9388249018796, 469.21019310198335, 483.2431726589663, 474.75043184609166, 488.59234926926996, 479.2776621555746, 462.41104470689197, 472.20727666683916, 468.50114438628214, 495.5504546028332, 484.12184306401883, 488.97665400075925, 492.7818462676965, 486.1127573223755, 488.60504739246295, 501.54396881497377, 504.56314794087194, 492.6183203691323, 504.1133528405414, 492.3725378537645, 503.4986675770805, 509.01021164318115, 491.26280021160323, 488.53573246241723, 503.0817435812727, 509.32078621311507, 493.8930435612402, 504.28945555694656, 515.3830064468873, 496.4870200625244, 495.3942450731301, 490.84736263362635, 521.7637139635392, 494.5928333291104, 501.5203475881431, 505.18699684338617, 499.9716235492815, 502.37412452751295, 501.325405039683, 492.6167542549713], "lower": [-1343.0259012752406, -1323.0404393593042, -1335.1156323988962, -1343.3081505590044, -1112.8256615545615, -1229.6267607995078, -1341.2482849263047, -1188.48578187322, -1159.6941271911558, -1258.8646010002085, -1170.6701973656036, -988.7166356803579, -1076.5939752363713, -1300.7079418063784, -1369.4807614430404, -1118.2318007203764, -1273.4233075612954, -1333.1371028226677, -1286.4295578523386, -915.4786236318282, -1242.9156767624686, -896.2545990569266, -800.2947316999455, -1303.7704133856876, -1138.912946861788, -1212.655350685158, -839.598262427126, -1218.5039729233486, -1133.66167985098, -1430.232596598086, -911.8313046443961, -805.3701556543762, -1371.4993743589882, -1156.5902955727233, -1421.1145017165932, -826.3992387874241, -1304.1250773041972, -1480.3906711129787, -1229.3421613506716, -1473.0700045485821, -236.78766352971445, -168.5612152564396, -1336.23700170489, -1225.0098272883388, -628.9321916267561, -1206.169977953868, -1162.6266989081769, -813.4603531018072, -1426.0833340549839, -1215.9494841939488, -127.80797718855466, -1139.3653080877775, -1119.8847566864647, -485.3745772799447, -671.8519047973846, -448.8182067008486, -103.03745963564755, -39.655018597343535, -65.75060442628885, -41.3323315139787, -79.55876691230223, -29.758084243047055, -529.5990133620973, -1051.1787968588987, -75.74295626811802, -60.58851910204394, -408.0693819261824, -195.88182508698654, -724.9711440437356, -1269.9069741226292, -998.9748337922522, -367.7608407106906, -198.72222060354682, -221.65052350342611, -304.43869571128994, -690.756212544347, -145.98123483524697, -297.965470777899, -64.83237754610157, -198.32236579113672, -214.09282360039361, -326.84036716369116, -1229.3889606036569, -755.1726176724646, -803.7036319674193, -85.71011756251251, -747.6279265782612, -842.1129539483392, -653.0300398720369, -233.22922641351474, -614.2354821963353, 40.609625410325, -366.17780736722216, 43.8643090147001, -364.76002138323366, -14.077113477066455, -43.16315394285921, -323.389078235325, -43.74760306710804, 115.69562584506798, 43.24858374901669]}