{"mean": [-1212.0153757035678, -1219.8030552305627, -1271.7371145298127, -1226.4606835912118, -1049.0259885114367, -1038.8580026476345, -1036.2799710344536, -947.0514285339435, -1329.600197392724, -1168.5667962997386, -709.3103196109493, -851.933980398854, -1095.4234120980886, -870.6048872487108, -1056.7656597105706, -1053.753321935989, -613.7187480499482, -613.7981773611762, -581.3248917439915, -563.4142018522151, -117.32611215527068, -719.4520379368981, -257.28091340066305, -167.34807437354164, -269.35255909481225, -341.3399473148557, 11.125929292436334, -248.8269303064851, -42.27751427898605, -308.0224288340052, -194.99551767580374, 33.25451470334033, -235.99174967775903, 64.49242799958506, 112.82596754865887, 285.72788991104045, 155.70075404991505, 38.276584987678284, 132.09398859059564, -281.0362057062288, -285.8750307344522, 21.077892606273497, -234.81533388938598, -86.35266661519483, -371.2551465542045, -319.13020397155566, -528.9402573619336, -120.53307096994938, -115.61819488854373, -137.9070342090382, -278.64332927731317, -252.55789296045415, -16.896836288736143, -364.87261972259256, -522.6484495411584, -556.3243980145974, -365.92041736474965, -111.1061443756736, -106.98563758815946, -283.0799936856672, -165.3715305457364, -266.7373730900085, -609.4203609822995, 266.039041720418, -333.6456890036873, -278.11064078836125, -298.4584338909778, -202.7489772396436, -121.74389503576157, -241.41490079973485, -235.44212421141916, 153.89793908844504, 308.5095911743603, 93.67025996202472, -83.01086739699127, 40.66635286617034, 39.41816206379719, 336.3391606249461, 307.1367775699369, 222.34011715457686, 184.3289717727802, 516.3839604703621, 493.605801141307, 226.11649674924504, 530.3815155121541, 665.9154475441438, 458.2765825034433, 267.0438039229695, 67.33671484136222, 249.13008062948055, 522.7350650903835, 470.85205840757294, 584.6210659923597, 634.7852447082768, 567.7671911054425, 556.9060179797531, 623.5076827178203, 642.1380861172406, 643.0719809535892, 638.7419258358467, 482.38758550083895], "upper": [-1031.5295642877911, -1118.8820883640597, -1041.0687510689904, -1062.3325084371043, -508.2893610887611, -489.9267769147868, -676.0350297675423, -406.65661543624987, -1042.536043292504, -854.5455868550861, 265.1177120010059, -155.49449686317647, -668.1541478504196, -179.27086369254158, -668.789451391736, -541.8363315541156, -292.806157859595, 220.27827733214306, 216.48794912498863, 301.34745926534595, 466.39762774675637, -224.39641820353285, 416.1754852098716, 297.4277577648972, 142.69443064033635, 377.00516449226944, 420.4663521130189, 241.59656935742936, 256.63736689137437, 445.5892649559835, 456.0591639868132, 347.96294077291583, 531.5079038559662, 680.5834091319539, 445.3368546920295, 521.7625194161667, 622.3632354123484, 602.8641985995041, 564.802784403564, 363.01015478672286, 402.8699246571809, 465.12416202150064, 549.2836404807016, 524.6450674499238, 563.5849104719838, 465.160522295566, 632.2901574632526, 695.6851702632758, 451.2107012909099, 457.78319989577665, 566.3949500349004, 320.09727685065985, 707.4411308786522, 793.3876831676706, 664.4451414839804, 306.1770997215908, 864.644289905847, 737.0782063246272, 285.70599570573853, 662.9939964686367, 661.6161071030717, 527.668033678127, 420.3831297487614, 569.004832151816, 549.0278037097246, 638.9787163279142, 791.134636367445, 675.248867346281, 556.6586648935537, 727.2971216280885, 566.5791235821131, 667.7432721724593, 897.9810147752462, 620.0730377912292, 581.366481973353, 821.6923691693642, 763.1363133803222, 729.4574507238655, 767.36123791688, 968.9334707345258, 677.3283240707894, 934.6270729867989, 884.4425646811769, 668.688006986462, 873.1547976376604, 1075.6028564532587, 872.3173512870958, 842.7458860652174, 777.9145547364081, 1031.6435959460323, 833.0712514802173, 683.0387406132253, 960.4139049129194, 748.274836917611, 908.4434547513275, 1131.0598005133004, 997.2071576980044, 1000.1820414761194, 1074.547817068927, 958.6293339149577, 638.6049430370387], "lower": [-1392.567204470565, -1279.9935443244483, -1358.9183675893485, -1366.0785808272046, -1361.9636458786097, -1472.266481750935, -1636.1611547643433, -1120.7808173958456, -1606.0208456867988, -1470.762804884083, -1491.1225094618082, -1513.5787531733943, -1492.2632262902018, -1555.5417596269488, -1537.6633334335966, -1655.8181982704934, -1269.9328403548654, -1603.448160741838, -1564.9997587355024, -1278.6539781581357, -1116.9218713341502, -1408.4118021315098, -695.3474477533154, -601.8488245238551, -1204.4753639365827, -1055.7739188195487, -351.5676277678679, -993.2641770721544, -515.8389107642487, -1214.122612370523, -1032.8671156197333, -946.2045099114913, -1664.055105780817, -621.815984790082, -347.6962256477267, 164.13928026267334, -422.1301599272059, -777.461699969462, -1057.0531997131955, -982.6042650972689, -1366.3642058501687, -1384.469026544255, -1700.5108693129523, -1717.4765316070168, -1751.5780370532839, -1687.181582193527, -1727.3802347561134, -2132.440651621471, -1720.7501096784601, -1762.7347893186122, -1550.864948680249, -1715.80711005475, -1689.8117317350798, -1697.1806088196465, -1691.980407988453, -1675.3340938571446, -1358.1215655509777, -1496.9306328163682, -1074.257344724454, -1685.4668046309764, -1686.3225024524506, -1745.314672712223, -1602.2355330658656, -283.77929141757284, -1606.6522754240732, -1528.3991508466165, -1521.7514939089338, -988.4748176446536, -1094.7262335901873, -1596.1259753456065, -1729.0886351351567, -997.9699844912496, -40.31585766745489, -698.352686298819, -1835.367665431061, -1549.4967746647903, -1710.0273269322738, -246.9136811909862, -287.6598110551741, -1178.0746868516858, -1510.7575077434235, -503.2537265066621, -266.51996446014243, -1303.5056957111478, -421.4713784923166, 184.74207795717982, -878.9743840445308, -1531.7358989749428, -1599.938458305696, -958.5539079523162, 315.54855411152846, 18.986649191824707, -279.67626717244127, 403.06448246348737, 172.01657588675062, -504.7342536990581, 104.36834016504481, 331.61950970027675, -20.38101401153741, 382.9858990548233, 327.8847511700929]}