{"mean": [-898.7285533864341, -915.1595105952929, -946.1519308554431, -819.9655753461874, -630.6229882422305, -373.828365786381, -430.6297644974261, -259.5028945093054, -212.35266761294406, -191.11577379433803, -121.18887473057016, -81.42325635331133, -74.10592294705489, -55.364847245173394, -67.66813564943673, 16.496486359900675, 37.33107252694994, 90.31177319497071, 83.99557524296132, 126.05747340380162, 120.69482361076933, 113.8574321412416, 103.48129460526134, 80.10290459734597, 91.0701017318833, 184.01450869393477, 166.43704384449663, 307.58704054701434, 243.9883139836501, 214.48361209394452, 203.57457494440337, 195.7422077567177, 218.63306985963618, 260.82739817795755, 365.4310851468926, 400.67173394481216, 367.3245265468482, 401.96159949083705, 429.61146260420884, 447.7993716955079, 415.8826713234146, 382.05953348539236, 366.2463171419802, 453.58194602863495, 420.8591812835554, 423.37250593744926, 441.5398008016941, 508.96431956091965, 490.58594294974665, 499.76548290354395, 526.7117796617155, 488.417041343527, 555.1288351365841, 520.9925393553395, 539.5935183275528, 570.2490919311967, 595.5817252771047, 631.3628492279137, 593.5902476368709, 663.7481239870348, 674.8400461033648, 700.184403990635, 685.9350839184108, 722.2262744775213, 739.1683124964931, 764.6570094991398, 742.2793972869149, 735.9105061755173, 718.7139812304707, 718.3508898288674, 755.482131963282, 734.7266523585987, 753.3485078220905, 723.1427375312363, 743.1287904970201, 740.1524633238605, 773.3954712871979, 755.2672492429125, 761.0649905208276, 751.2005916423187, 746.8990195470636, 791.254706994288, 829.2391932386469, 827.0351524018315, 829.0509537555573, 840.2827434580271, 833.1024850294119, 838.2919350564595, 802.639347935581, 837.8881959489205, 836.7779401153239, 863.8586934498109, 861.7649842110618, 870.312592034491, 869.9216245907945, 860.4406738898402, 861.0223925297669, 846.5150320831349, 852.3363857686622, 848.4886325687798, 845.7992680654678], "upper": [-774.0699530990688, -872.9888684720423, -894.0371471699306, -581.0012847043447, -469.84651577037977, -46.543852497491216, -74.56129722362346, -90.61483746952203, 116.84913398061629, 93.22522924136065, 97.62964813375233, 126.00282068922738, 170.0961767962954, 158.90386666991003, 133.7402230630814, 230.1049532965629, 209.25362830612957, 210.15057105428843, 207.0230210241222, 220.85401196228437, 199.7530925524335, 247.51479932030747, 204.98371810834365, 248.41333323521891, 212.87092195863144, 607.6340840034582, 287.5535569433146, 582.8800568782358, 566.5312785493167, 495.34726982810844, 466.58994587929556, 554.3596437941329, 352.6405328627354, 441.72594455078627, 596.4672958538504, 883.8709944643947, 742.1217970396548, 783.6652016111339, 882.1601659653577, 887.0829127262624, 752.8836321732224, 657.5701255821778, 746.7850481511888, 794.4617036439005, 610.0253400315306, 842.2703675233258, 841.0808619936774, 841.290127686158, 841.6649202776965, 835.6700582094996, 839.8633460733591, 883.1824016351336, 886.3305778823565, 889.6697400895531, 890.0515098999091, 888.1326968553442, 888.8696980241725, 889.6946309873505, 889.3135259168616, 880.9699166567108, 886.9931048625223, 889.8070992303559, 891.2210252160427, 888.9796364184637, 888.6739644896821, 888.9777583194139, 890.6626800615492, 889.5621394506234, 890.4165503872366, 888.983574456724, 888.0243877686852, 887.8885122640983, 888.784467767458, 886.0195252000005, 885.5168212961634, 887.119137584146, 886.7970793677988, 886.7807070377723, 889.5508355991279, 887.933961581151, 889.6512917001788, 888.148058517296, 890.0502937409009, 888.1834255973431, 889.8252054881707, 891.0418832562983, 888.5579725087929, 889.0156267965936, 889.3268352995378, 889.4751668744391, 889.1577634871543, 889.5570550401457, 889.8660365157708, 890.5825757090093, 889.9531584636686, 889.7684724174309, 889.4035276024272, 890.197479596624, 888.3032910136702, 889.2063836914376, 891.0449044673469], "lower": [-967.8432680639943, -956.9478526169237, -973.2398627398834, -974.4416492789633, -856.033901026615, -672.7578675733514, -705.3056190933187, -694.5897361988399, -659.435188867792, -675.1218619162785, -558.9031547738128, -443.89175765555143, -488.11686213934894, -522.6367242434645, -503.01230055545966, -350.6341779854276, -299.3083377673921, 8.8945986430352, -187.48466391302756, 25.43777428642666, 57.71663577655026, 17.7723718041348, 41.49088789917777, -11.053367829276665, 26.60778558889227, 19.720924890511043, 2.2965722791479037, 7.812056351030369, 11.723037951971534, 31.126465197406674, 31.772845803439402, 41.426837995345466, 36.10441423216623, 47.044748432520436, 66.51418639334148, 47.29326822126107, 25.49206480246842, 34.37106819070639, 7.842297295916688, 0.25582363072644976, 47.288729987079904, 62.89183091607143, -24.56697097446917, 59.5232402821966, 100.22444958040876, 74.41434116023949, -13.246770546158395, 4.281823698101692, 41.75327610023005, 48.093777474786755, 158.24471938444103, 15.847379544590282, 233.16082527277376, 102.24190937871467, 131.7545249780179, 133.83191164766302, 184.452107317174, 313.3461921724349, 294.26517599994673, 416.7932420086898, 314.05165640513934, 348.9196881995313, 391.59559620926865, 423.773205978721, 521.3223900364188, 637.8030434555225, 485.99979937927725, 450.33778152900163, 394.31374217946194, 361.1441073204763, 524.0892014235895, 398.7371690366035, 453.1636512500979, 560.7530634267737, 455.09232214835544, 560.776811648815, 690.0594253582002, 577.0148477472086, 505.77588588014146, 444.9542227642842, 415.4493334089101, 645.1996094248011, 681.5284645021617, 679.8465915778004, 677.8291407622991, 719.4341908521365, 724.9421899269786, 728.5363523668614, 673.9480778020041, 693.8647413067873, 689.5377383656574, 793.0945551825455, 748.6836713624263, 791.1963926310415, 792.0989120452663, 788.2107079425278, 776.1860340877134, 735.7852066741756, 780.0684827687004, 747.2378646454284, 755.0444521262227]}