{"mean": [-1228.9284287175992, -1206.8794517047793, -1136.1639692359486, -1090.926576276948, -925.1052628731381, -1049.2990845934705, -661.7659651599602, -658.1496631878754, -385.56417877750073, -720.980156925008, -669.598879525856, -895.2026853330632, -300.3501317490964, -285.6047203620382, -3.826035477636168, 68.73438966426453, 26.857961726710737, 183.16257734748547, 87.31255904878917, 164.18578595101755, -111.82116477707406, 329.95031793089703, -30.284737798574724, 291.1324313789195, 403.30891966398605, 461.6889047818617, 374.6961006396009, 159.37184648496586, 599.2062243394388, 495.88882312192186, 492.4472236343556, 540.0824424130436, 318.7834399526759, 530.0837420051439, 583.607659731202, 470.8911225954583, 662.3761420386488, 495.60963708774153, 561.7834084249935, 485.4833696422245, 542.3990912435438, 700.7409108176977, 576.2206692052728, 659.8493909021157, 664.1845350304038, 685.8068768036552, 652.7311051192829, 739.3299256244783, 693.6129601371161, 611.054544009621, 745.607987811028, 763.069538740499, 759.7155116918339, 747.7093922007392, 795.4858891489038, 789.85895996627, 798.6964411144063, 766.0021328701459, 818.4390657865005, 798.8989480001266, 794.8351181118793, 691.2484388655045, 699.5104298744362, 455.8872063091606, 474.02633208458764, 759.736474142038, 846.5080832183211, 673.6528087820978, 864.672924092929, 921.7742928043677, 893.1330742817871, 860.6551016990935, 878.6877405604596, 943.8377146377096, 928.227281529018, 897.3557485299019, 972.2234299788953, 914.4265871678118, 973.8327619909418, 937.3327829965615, 863.0113037981854, 937.5253958078234, 979.0747656841824, 878.8410297099676, 1025.5333409857456, 930.6244899686232, 1038.6707331919365, 1001.9773880556577, 1026.2556421981656, 1032.9092592918537, 1038.6756474031706, 968.5162193171982, 1043.5153948620225, 1073.348526051674, 998.6980192083143, 1073.1723836292783, 1068.9979795231359, 1072.7990733350612, 1077.871114635712, 1116.5105208239677, 1080.731677680348], "upper": [-1090.8609197087017, -1052.8608437650182, -923.4202153073456, -861.4423714853289, -478.2902218320144, -900.3635056931894, 236.11147718848952, -342.2618618104053, 142.62708383199208, -100.32660552040339, -404.6131371095314, -483.1241228381329, 425.3895927782419, 202.3812418024535, 486.3496031971667, 519.0060432225562, 445.2362481589045, 500.103191936342, 468.7574622594564, 487.131114151537, 504.53592938131743, 521.6589031540846, 616.2030867610914, 591.9242715777068, 614.0125861346114, 671.6991014931668, 572.6193788711242, 570.0652170006664, 675.3953311678091, 572.6967668992205, 678.5411313573773, 741.5152125280874, 705.9953647641868, 679.9499343851687, 732.2713909873062, 721.1960635372437, 855.3598508356765, 787.7620653953666, 715.4163378673559, 731.7137680998729, 787.441542872004, 916.5061116242734, 845.7559498363623, 782.1431480452052, 829.6574500212055, 838.2045642983236, 786.8760980297526, 1085.177413401129, 880.4542444232168, 683.8014869935157, 850.6095592387146, 1103.5169197266994, 984.250220703751, 1078.3042266803502, 1211.242690479698, 1235.0732744731527, 1201.7167373375974, 1097.9405634944337, 1226.3973994434702, 1166.3738217638338, 1263.190029864386, 981.8243653005185, 1273.828788368604, 1116.13577300577, 1157.156324387032, 892.1969919581867, 1051.564143604537, 1191.5591451750809, 1251.6385458677316, 1474.383466325268, 1346.3217384014267, 1283.0144740172432, 1431.7747178117463, 1595.698756853398, 1542.5121244996662, 1210.0276483363846, 1697.4391952783228, 1449.3136564606364, 1640.7676877890012, 1568.585743034439, 1383.6833207513691, 1532.2541432478454, 1616.8504603196718, 1758.5116239711347, 1717.9966082492724, 1457.29331708983, 1744.3460200382813, 1582.4303981516032, 1685.8934382512703, 1651.7211759755642, 1750.6670853946757, 1688.5500269487447, 1746.1142799982852, 1781.486691826497, 1745.779306106699, 1813.169798807183, 1757.6041310880769, 1875.3139434251596, 1823.2075301104712, 1800.0241817652973, 1889.5910707056482], "lower": [-1400.0335985104239, -1384.5665359269428, -1506.872275435544, -1349.8146431592663, -1377.397066952582, -1228.1398598857804, -1147.2974402221594, -1062.954420168185, -1185.7329538148595, -1144.8718285939485, -952.1008090488303, -1137.4987853912419, -1365.9591994646871, -768.4747576983283, -339.9013475682675, -805.9638493616042, -664.8950744846572, -453.144083984636, -546.0144033692919, -511.3796819352837, -1426.6247863960878, -268.6803005843831, -1172.7032089958232, -518.7558691087636, 86.84732414044397, 204.70967399021708, 246.30787183547633, -1389.752016271863, 470.68084892703223, 394.6711667796344, -95.88307972889051, 429.33046151207395, -877.8291820037821, 326.73317025802504, 353.41837240809826, -226.51802835121313, 455.1740483521035, -27.09502205968015, 172.9001460366518, -73.42682784174563, 108.01762935098223, 579.3303222630162, 56.57593247204782, 576.327642745703, 414.5295177616117, 571.0254250685533, 570.6991327573173, 597.3490284482735, 492.3894565306321, 489.3938967961432, 630.1871991828002, 672.6549084277178, 592.6446127173682, 542.551197151291, 617.667542888149, 552.6837308810083, 636.371985534107, 584.2681093743925, 658.2502999999496, 500.62495815702033, 561.9837016744442, 129.31675733067232, 229.42626272012856, -1554.5947978689453, -1493.6593455299997, 598.2018714219265, 737.0527270543413, -377.58491406526065, 615.7463930609015, 665.4808880578087, 636.3132613584545, 637.451394327143, 574.7724722039098, 727.2126446559029, 597.8376223129893, 636.8984018914675, 632.4995506182969, 550.3393858743206, 606.75870500034, 555.340525615046, 399.35945571844314, 650.7653843882031, 752.7035484164538, 105.05179999403764, 649.7958362030291, 476.6628936798282, 623.0467603455594, 613.4589872033712, 614.885004609865, 632.1073529003871, 599.8625174114017, 592.8616315004052, 613.5680885805741, 752.6684974798027, 570.9595993529781, 650.9292353839277, 653.9691365459512, 651.8267002502741, 746.693782071035, 646.3032816996924, 683.5124237931525]}