{"mean": [-1157.1021836761213, -1131.1689930463479, -1004.1725036223053, -1021.8735637414594, -818.1493422440553, -845.0781930045147, -856.4916964778675, -617.4048269609876, -758.1280350442672, -366.3398291306824, -514.7019447114145, -419.42204053933466, -315.6018552058368, -310.5960340933945, -663.6229478229467, -633.7477547308026, -466.67717323566245, -421.8586923452495, 150.90701979365832, -22.42848699157538, -142.03211404667408, 325.6145067437345, 192.13141108051354, 156.72589780859673, 284.9139141353957, 108.26100475976135, -32.4493100452878, 405.62110880008544, 337.75079977443687, 331.8207419857064, 339.8074701310732, 379.9855412732877, 177.38613064359313, 399.2520766413568, 352.74910725441833, 424.3653914358249, 386.6354937814519, 418.3160025292277, 405.102741260562, 281.16838092056736, 384.4421419056159, 479.06123012202517, 393.41399833665173, 470.72157735949895, 307.84771784523633, 518.8256952261025, 493.3679453795012, 444.8795552806994, 288.8472911353213, 459.95728419794995], "upper": [-969.5361806552344, -840.8593070871655, -849.2435746686858, -532.381871555589, -398.6327518670443, -447.28933212861375, -227.03617462632099, -263.9740557243743, -256.46558969073243, -77.74661604924717, 369.0667758703874, 335.69400909366084, 385.5416472103187, 296.2613945868318, 431.49529630642553, 534.5041976451442, 481.47669624193236, 503.5371748926893, 482.412753178063, 518.4327793624091, 490.81626588315817, 486.23509418919275, 537.3374568512297, 488.6413618918716, 475.2182960224378, 460.2295969157025, 542.5016688284563, 547.946380958586, 512.5213912328193, 508.99884275860995, 540.2691093567072, 548.215442898804, 500.2032669259114, 569.5190836918028, 520.8390355865098, 534.0522626764322, 546.6323942506868, 565.5835361129041, 567.5886291858167, 501.77376418983914, 516.0803168866522, 535.3728665976116, 525.5869433255941, 589.3481098826428, 522.0697625690777, 552.2768303602087, 561.4944296830214, 542.1665205238369, 518.3239049070952, 496.43921667348496], "lower": [-1333.4684988422978, -1419.380577563886, -1384.8578416669352, -1325.6042611636597, -1156.1225655502385, -1269.2078027500409, -1315.2658164355291, -919.5063975595858, -1018.2783659236491, -1186.8357477258346, -1548.4215962826884, -1387.1659459855807, -1400.5910421524804, -1338.2059947342573, -1361.589908800265, -1431.6464487038857, -1523.1509683850586, -1481.5802193169366, -335.10397941712006, -1056.6763598240555, -1125.1223935518315, -51.29714268149689, -622.2543520305037, -496.8368180589254, -52.0548841100521, -266.2966005863949, -606.1032094861339, 54.559977741131874, 0.22711768324945414, -272.7429614639115, 78.05581011161844, -23.817241548822537, -516.4464589276107, 92.77723962576717, 145.36885843848862, 138.75183281045904, -87.14464724641279, 231.0124939998219, 217.72510628575836, -130.30044541991094, 13.625332236170681, 315.3666551820685, 187.5663353033161, 348.96591382821657, -299.0804154798852, 485.57809500048455, 428.016164698984, 340.2248216734679, -175.60269063639052, 408.69014847255767]}