{"mean": [-1157.1021836761213, -1131.1689930463479, -1004.1725036223053, -1021.8735637414594, -818.1493422440553, -845.0781930045147, -856.4916964778675, -617.4048269609876, -758.1280350442672, -366.3398291306824, -514.7019447114145, -419.42204053933466, -315.6018552058368, -310.5960340933945, -663.6229478229467, -633.7477547308026, -466.67717323566245, -421.8586923452495, 150.90701979365832, -22.42848699157538, -142.03211404667408, 325.6145067437345, 192.13141108051354, 156.72589780859673, 284.9139141353957, 108.26100475976135, -32.4493100452878, 405.62110880008544, 337.75079977443687, 331.8207419857064, 339.8074701310732, 379.9855412732877, 177.38613064359313, 399.2520766413568, 352.74910725441833, 424.3653914358249, 386.6354937814519, 418.3160025292277, 405.102741260562, 281.16838092056736, 384.4421419056159, 479.06123012202517, 393.41399833665173, 470.72157735949895, 307.84771784523633, 518.8256952261025, 493.3679453795012, 444.8795552806994, 288.8472911353213, 459.95728419794995, 445.4775560434653, 403.8523593902465, 453.2340653971289, 474.8903655564688, 473.5817644211552, 488.45029356315723, 470.3601864741213, 407.30339217052233, 386.3304140380886, 454.351201633802, 466.89074895745284, 405.67044310399575, 503.17614337240616, 154.56398598228031, 400.40966287599514, 481.5432718814386, 314.3345000420023, 410.0649158926817, 431.859811142075, 432.87175343146987, 426.492583311519, 322.6837123526518, 397.7700403920381, 522.8116295090384, 448.97192030310595, 380.4456435760937, 473.63170751157605, 482.44009910569065, 488.625358171523, 394.1711771634014, 476.92967090434126, 423.76303681443056, 515.90277997061, 529.4513865152079, 320.362212957106, 282.42507653188164, 362.86483819973654, 396.5350584271144, 360.72261173485396, 365.96879037835214, 346.7552009189685, 512.1525058578854, 528.8562680847482, 518.3672878530941, 462.4869670754031, 462.17865473744274, 508.3033259092913, 466.5753150487947, 500.59314844187355, 524.9614658306532, 480.21807018853], "upper": [-969.5361806552344, -840.8593070871655, -849.2435746686858, -532.381871555589, -398.6327518670443, -447.28933212861375, -227.03617462632099, -263.9740557243743, -256.46558969073243, -77.74661604924717, 369.0667758703874, 335.69400909366084, 385.5416472103187, 296.2613945868318, 431.49529630642553, 534.5041976451442, 481.47669624193236, 503.5371748926893, 482.412753178063, 518.4327793624091, 490.81626588315817, 486.23509418919275, 537.3374568512297, 488.6413618918716, 475.2182960224378, 460.2295969157025, 542.5016688284563, 547.946380958586, 512.5213912328193, 508.99884275860995, 540.2691093567072, 548.215442898804, 500.2032669259114, 569.5190836918028, 520.8390355865098, 534.0522626764322, 546.6323942506868, 565.5835361129041, 567.5886291858167, 501.77376418983914, 516.0803168866522, 535.3728665976116, 525.5869433255941, 589.3481098826428, 522.0697625690777, 552.2768303602087, 561.4944296830214, 542.1665205238369, 518.3239049070952, 496.43921667348496, 554.1297927347102, 493.3874087872887, 477.28892124070165, 546.7182590458009, 569.3212873304998, 571.9024506327103, 537.6247257403787, 496.0363216299736, 544.1332901720942, 487.3638009440199, 520.3616174114227, 487.2258262079624, 608.296374191347, 513.7671536553642, 538.8245255282897, 564.8965334859079, 499.7573471545624, 563.9836835259732, 509.48250017093943, 523.5887356956476, 566.4367074414253, 599.4085350502609, 522.0421042428801, 600.9902750762365, 529.487507675839, 573.7624303848203, 544.0400608946553, 528.6162360038306, 539.0865033305982, 526.9612420009139, 539.2332731347166, 538.2668974863235, 587.1661703367372, 595.2956460385988, 603.9018276364089, 611.410751307892, 600.6467698153429, 576.6335852406426, 553.4341554263506, 577.732602733148, 559.8199388465222, 584.7910715037771, 568.7248125007128, 579.9381616107045, 598.6251166835802, 590.5494849908081, 540.7199775853678, 558.2212626235922, 557.2219615665383, 561.3540299164987, 545.9519304268325], "lower": [-1333.4684988422978, -1419.380577563886, -1384.8578416669352, -1325.6042611636597, -1156.1225655502385, -1269.2078027500409, -1315.2658164355291, -919.5063975595858, -1018.2783659236491, -1186.8357477258346, -1548.4215962826884, -1387.1659459855807, -1400.5910421524804, -1338.2059947342573, -1361.589908800265, -1431.6464487038857, -1523.1509683850586, -1481.5802193169366, -335.10397941712006, -1056.6763598240555, -1125.1223935518315, -51.29714268149689, -622.2543520305037, -496.8368180589254, -52.0548841100521, -266.2966005863949, -606.1032094861339, 54.559977741131874, 0.22711768324945414, -272.7429614639115, 78.05581011161844, -23.817241548822537, -516.4464589276107, 92.77723962576717, 145.36885843848862, 138.75183281045904, -87.14464724641279, 231.0124939998219, 217.72510628575836, -130.30044541991094, 13.625332236170681, 315.3666551820685, 187.5663353033161, 348.96591382821657, -299.0804154798852, 485.57809500048455, 428.016164698984, 340.2248216734679, -175.60269063639052, 408.69014847255767, 167.59503475400106, 287.85145080949275, 435.53206336275423, 425.7940710321939, 422.9349665048769, 414.8301182860638, 426.3452938188841, 298.97249815163667, -156.23904399163737, 414.0839872881014, 400.98061007529594, 212.79408782336486, 440.2645827069043, -1426.7732809745698, 130.26859882954165, 398.184616498723, -237.08755349347481, 180.68069276995234, 286.0709125618406, 251.9734255610209, -29.560262569793593, -340.1881031227226, 59.49476429746429, 492.0688815571245, 302.49798514351016, -168.34998060396447, 413.9930824033741, 444.2226287308947, 444.7154444282216, -97.57593069419657, 428.04533415320105, 15.816567909925665, 391.79660955791735, 467.23226574942925, -284.7017658622806, -936.4144658071658, -332.0044706785044, -126.935696476256, -368.15271732949435, -443.53948610272505, -464.4827265504294, 368.10908526386464, 492.2866237207593, 449.9997634374613, 273.8410482106718, 168.42882256724695, 448.38390517467445, 332.05390858566125, 415.5711362541074, 496.55378056146134, 327.01892419115484]}