{"mean": [-1397.4592773852455, -1292.6730550371574, -1295.8172546461803, -1296.9442120920457, -1291.4773976438603, -1336.842674484429, -1346.7057379660662, -1323.7681658881922, -1352.1732441196693, -1329.123537355031, -1353.8756699691085, -1382.0792348770374, -1333.2212108407493, -1359.3590803920754, -1251.5475440550667], "upper": [-937.577040479485, -346.44812801105826, -199.0608416543252, -349.0491686318004, -201.8666136282782, -343.68460777923127, -640.7671368752669, -352.6521509647537, -639.7396353650304, -494.95076061648126, -514.5863169564348, -803.613814275406, -647.6634870501628, -796.7697765253472, -48.03288496751837], "lower": [-1699.0933053322453, -1697.2655108354913, -1696.0920380472023, -1694.9943434615775, -1696.5458476466156, -1698.7289396717467, -1695.9538480026986, -1694.4676366825893, -1696.2034794358901, -1700.2641558440941, -1699.2651474936051, -1694.7211829749012, -1694.633967574468, -1694.1794643401827, -1696.1968987974735]}