{"mean": [-1305.5478523466138, -1188.585907188993, -1305.7474520758255, -1339.5851986332243, -1275.2666892645218, -1262.3970432767123, -1237.2477557688733, -1133.4513245677074, -1375.3694266925258, -1221.2374407950417, -1236.5965021249965, -1173.8418720171824, -1208.1018399314632, -1276.9011861134563, -1242.4318524504467, -1379.3662421253368, -1295.776202882872, -1315.8206698104982, -1432.138013247877, -1391.7562644178643, -1318.6223944385363, -1295.3893517958315, -1273.5797870246909, -1230.702292080875, -1418.3533498754448, -1243.183285773982, -1192.6910542405083, -1381.4516526107343, -1249.0112094240635, -1390.5327083687919, -1272.14852525453, -1368.4227659699588, -1217.8510055388867, -1249.8004515894456, -1195.2751222152074, -1238.3705245943693, -1228.085105560622, -1265.3626066326517, -1183.370014547847, -1228.2010446263153, -1119.3188283985476, -1009.4343608579087, -956.4156032345867, -1155.6505264903963, -1172.5453798445392, -926.0353154310606, -1122.519791488596, -1017.2935358589116, -1091.2449262015307, -754.9826687624512, -903.5619063205745, -927.8319001422184, -996.653480952175, -1003.9828500206245, -930.3614317755196, -928.9229850654859, -1014.6357629993449, -768.7123631074364, -1036.2201236996536, -950.9784929601492, -1151.828711422879, -811.4073402103681, -831.6831795853456, -1009.7631599234209, -850.3288263781989, -1062.8497771722361, -844.5678363043385, -981.3784179953685, -1096.9798962943255, -1003.5753730296607, -877.2886254745058, -801.8246672030897, -729.7958868353793, -761.1862746292937, -746.504132207006, -753.4158918504022, -697.6343328676458, -876.2384721876447, -736.7452863271366, -837.3689088846651, -818.7418729042411, -618.1827956042446, -608.6932848217574, -757.4775112687162, -682.7810372483156, -971.0463159186398, -708.6051225144279, -754.931113859167, -842.3651916997934, -687.4785642227515, -784.0935053424636, -1006.2252845623385, -780.8100658563221, -776.6578358634093, -640.6679753687838, -677.1396289041998, -710.3300702527371, -854.9239267319748, -839.041300532611, -791.7874593478077, -766.7448245067366], "upper": [-624.5023224524335, -461.26785837629535, -665.530849164835, -778.4595169608965, -619.2938575267335, -588.3264027680574, -578.2062742826839, -157.4902125794081, -829.1808444425836, -627.8242090090948, -581.555974432894, -458.4769971034167, -546.1521156788126, -516.6111437415823, -518.908562352213, -766.0745472029114, -615.8067440549399, -592.2252943938047, -593.290808970883, -700.424244727216, -507.1097265966779, -607.2356487019382, -578.0600146682845, -448.06865309310274, -671.5518465669259, -573.2339555561929, -456.6657132157006, -742.3440327701556, -575.880878862378, -668.5916212974253, -586.8454114146144, -473.8581113085949, -447.0436787871935, -514.6521016408495, -481.91685895802317, -351.20210839932633, -518.8780890426684, -444.9379233649054, -93.87747344475346, -281.9035091415481, -383.48491727064334, 95.52024029585951, 247.59309371847255, -394.0438697499279, -395.5125565686271, -146.222780091886, -438.1528158956478, -403.91773593978024, -288.74801438389466, 285.25522022344813, 164.63816321223194, 6.764101027336923, 225.68222271594198, 340.50679827316594, 19.3578422431698, 5.924154366951022, 218.15057871193622, 218.35875604654728, -218.97048594762913, -342.7629728119371, -390.9195427214263, 175.32246025632983, -67.45845320007467, -169.36907357888296, 141.38372885897107, -482.3919721417699, -6.972748228779784, 307.54686665320105, -159.45212678686636, 175.3548178553665, 184.15316007454473, 235.30145390757707, 101.61739029289173, 336.63376284506865, 234.0282021030568, 318.36068211779946, 181.08685513497102, -276.40946094772977, 13.140491036681532, 325.77062047217566, -197.03443021207795, 377.2124990312101, 321.1138639727104, 330.1090761823765, 248.39928845914298, 309.5257483680241, 308.72920578988993, 313.40209649741047, 273.8699802885675, 289.3899936220383, -64.83033506039153, -121.58102774185816, -140.56079802551213, 318.45816694408126, 253.51103968252463, 291.0765691681998, 271.60249884153893, 309.7229510985365, 250.12673984966406, 15.625883857287576, 323.28094916806117], "lower": [-1662.0675688247175, -1826.7962660745532, -1783.1653018435766, -1762.0293475299063, -1789.63324207978, -1788.558811280049, -1801.012592598147, -1817.443088944248, -1808.8027334995386, -1786.0763644479127, -1751.2376962669002, -1760.1201631470283, -1796.9800520541476, -1768.0003618938877, -1772.3044941479395, -1787.1387658655199, -1785.667018094063, -1766.6314626670576, -1809.03078874566, -1771.762971558171, -1797.8733989699642, -1776.8008495161396, -1768.0310982711735, -1770.5007674711558, -1780.8929168163547, -1771.7964233982464, -1764.9479922632925, -1764.5157805355484, -1771.749828962159, -1781.0190224227, -1748.7908418611796, -1744.9702659450743, -1766.2807629946071, -1795.99567778259, -1831.4653224297697, -1786.677731207529, -1790.9525597730342, -1767.7970822006866, -1757.2870405132178, -1787.3273253224597, -1779.3518474439788, -1640.7059323240333, -1664.4522171215706, -1676.621691363357, -1676.7647783861512, -1645.1616842047654, -1656.021433937934, -1662.9857509172211, -1642.4115300270828, -1675.1442186491477, -1654.8321582618164, -1664.717676492338, -1665.5403843426886, -1623.9956658257747, -1647.6425171417611, -1668.0105014777332, -1661.8740206740188, -1659.215304072818, -1660.1467656744337, -1662.2824021814647, -1667.7674432113593, -1646.8584633113358, -1659.8976279951144, -1642.4336715562126, -1650.9483909387925, -1653.1559009416426, -1662.3518395039455, -1651.4616277306898, -1673.3931850186575, -1665.9627311983056, -1621.7853671415683, -1643.9614856045946, -1668.4741945694343, -1662.8271624176248, -1648.0447110397267, -1664.7104598987266, -1669.9458139122062, -1661.444009373167, -1662.5468169625512, -1639.7979918431447, -1663.38051199525, -1630.7162106644587, -1665.8935551604095, -1651.42689722649, -1654.845480881047, -1656.7871817486794, -1673.6190386809506, -1663.9964089314378, -1660.5513254874695, -1658.484677312084, -1659.961971513826, -1649.09516513153, -1667.456559733651, -1666.2647391778064, -1664.7255466881059, -1666.894066079777, -1658.7099503217173, -1664.7572980682012, -1669.546235381029, -1661.7875388313328, -1664.1088267331736]}