{"mean": [-1305.5478523466138, -1188.585907188993, -1305.7474520758255, -1339.5851986332243, -1275.2666892645218, -1262.3970432767123, -1237.2477557688733, -1133.4513245677074, -1375.3694266925258, -1221.2374407950417, -1236.5965021249965, -1173.8418720171824, -1208.1018399314632, -1276.9011861134563, -1242.4318524504467, -1379.3662421253368, -1295.776202882872, -1315.8206698104982, -1432.138013247877, -1391.7562644178643, -1318.6223944385363, -1295.3893517958315, -1273.5797870246909, -1230.702292080875, -1418.3533498754448, -1243.183285773982, -1192.6910542405083, -1381.4516526107343, -1249.0112094240635, -1390.5327083687919, -1272.14852525453, -1368.4227659699588, -1217.8510055388867, -1249.8004515894456, -1195.2751222152074, -1238.3705245943693, -1228.085105560622, -1265.3626066326517, -1183.370014547847, -1228.2010446263153, -1119.3188283985476, -1009.4343608579087, -956.4156032345867, -1155.6505264903963, -1172.5453798445392, -926.0353154310606, -1122.519791488596, -1017.2935358589116, -1091.2449262015307, -754.9826687624512], "upper": [-624.5023224524335, -461.26785837629535, -665.530849164835, -778.4595169608965, -619.2938575267335, -588.3264027680574, -578.2062742826839, -157.4902125794081, -829.1808444425836, -627.8242090090948, -581.555974432894, -458.4769971034167, -546.1521156788126, -516.6111437415823, -518.908562352213, -766.0745472029114, -615.8067440549399, -592.2252943938047, -593.290808970883, -700.424244727216, -507.1097265966779, -607.2356487019382, -578.0600146682845, -448.06865309310274, -671.5518465669259, -573.2339555561929, -456.6657132157006, -742.3440327701556, -575.880878862378, -668.5916212974253, -586.8454114146144, -473.8581113085949, -447.0436787871935, -514.6521016408495, -481.91685895802317, -351.20210839932633, -518.8780890426684, -444.9379233649054, -93.87747344475346, -281.9035091415481, -383.48491727064334, 95.52024029585951, 247.59309371847255, -394.0438697499279, -395.5125565686271, -146.222780091886, -438.1528158956478, -403.91773593978024, -288.74801438389466, 285.25522022344813], "lower": [-1662.0675688247175, -1826.7962660745532, -1783.1653018435766, -1762.0293475299063, -1789.63324207978, -1788.558811280049, -1801.012592598147, -1817.443088944248, -1808.8027334995386, -1786.0763644479127, -1751.2376962669002, -1760.1201631470283, -1796.9800520541476, -1768.0003618938877, -1772.3044941479395, -1787.1387658655199, -1785.667018094063, -1766.6314626670576, -1809.03078874566, -1771.762971558171, -1797.8733989699642, -1776.8008495161396, -1768.0310982711735, -1770.5007674711558, -1780.8929168163547, -1771.7964233982464, -1764.9479922632925, -1764.5157805355484, -1771.749828962159, -1781.0190224227, -1748.7908418611796, -1744.9702659450743, -1766.2807629946071, -1795.99567778259, -1831.4653224297697, -1786.677731207529, -1790.9525597730342, -1767.7970822006866, -1757.2870405132178, -1787.3273253224597, -1779.3518474439788, -1640.7059323240333, -1664.4522171215706, -1676.621691363357, -1676.7647783861512, -1645.1616842047654, -1656.021433937934, -1662.9857509172211, -1642.4115300270828, -1675.1442186491477]}