{"mean": [-919.8423940011894, -907.5356393661623, -946.2830365946778, -640.2065492810796, -273.98977737599233, -149.38643422046985, -39.03963977851277, -65.02195010402532, -52.759650594680956, 93.88079648181768, 201.64650111700985, 199.77644781719678, 180.68532783275342, 167.99786674207337, 102.32071659295023, 127.64244360502255, 153.5612384833288, 261.27809893712737, 287.82333909394436, 351.44574064922216, 399.1709779238237, 413.2609361609687, 518.1402173172087, 538.9645058586117, 490.34717401953964, 453.3774336554652, 453.83585302432675, 486.51246361798303, 624.0075358884604, 618.411196385825, 754.9268592809958, 649.7724778661521, 708.7946048625453, 722.180861253446, 728.9435694746179, 838.9359401122397, 737.133615182553, 740.2117573660843, 801.2825802629363, 701.1377966316677, 802.4293100865984, 831.6245077930363, 803.9883238541257, 744.4397502229559, 839.4111680374091, 807.4990812078972, 836.0874405050562, 868.3620175679113, 878.2493038471808, 869.1677665586261, 840.5756049205952, 857.9930908198112, 863.8774816608544, 864.391436410572, 872.1267237292019, 734.9875029728822, 831.9696595647246, 836.8034956655615, 823.087483449863, 816.4569248222342, 855.0942354291591, 846.0194221076789, 832.0559590929792, 820.7845401598861, 849.2972066750331, 802.0739935592475, 877.6117678942587, 887.1166152267739, 873.5964393704347, 889.0263467665715, 856.4372320132424, 803.278601472561, 738.8150575934582, 805.566408345369, 817.4937246681296, 757.0318340336634, 801.343854935178, 823.4756905243103, 779.036840648393, 878.0175473714677, 885.6067686916973, 879.6372891691402, 825.867255635706, 845.6394372482908, 812.871314911607, 840.6669340023655, 871.0571699759288, 811.4594028495653, 774.4690315117596, 878.3761761059662, 872.3832455364836, 848.8094181398259, 830.9853336999095, 753.3649276375672, 836.2967764067422, 824.0672721000093, 810.0073034859361, 740.516223572727, 887.7610182472764, 880.2641073919798, 881.5541616733839], "upper": [-883.7650899915516, -861.4843090191966, -905.7081739157334, -440.2134321545205, -18.726008161140395, 197.5872077184577, 186.9864353014386, 186.91067669738806, 240.65510379302077, 400.97267482001024, 569.2696330434422, 527.9434996717475, 526.2543353413395, 482.78011375171207, 341.49308930834667, 583.5201192688944, 581.1491513583214, 714.2301994209777, 670.7248183557421, 675.3962230565708, 828.1703329307128, 833.0509665452778, 886.9172557447444, 885.7901033306396, 832.8051572319346, 885.6969323094646, 745.502228043871, 890.5736952202074, 887.3415874460854, 888.0477245462541, 887.2951768625059, 886.2049383148392, 891.4737398604728, 892.5894617609292, 887.4755997730498, 889.849479465643, 891.6668303226556, 890.8546614491835, 889.733834519218, 887.0796516027789, 889.6330322842174, 891.5737669980304, 891.9058611812695, 889.9429244597007, 887.1583926005572, 890.3607535784889, 889.4284022447146, 891.3772448352204, 889.7379242831588, 890.1338186782178, 888.943694270179, 890.3824755768783, 888.1266643988521, 890.859741989712, 889.249088615021, 888.3280750496693, 890.1289652718772, 886.3996517639944, 891.6254626342771, 886.9367377371206, 887.6845516784248, 888.4542422110841, 887.4483550568985, 891.3188177555746, 890.1388676617022, 890.2219696301479, 888.1129591245128, 889.6500467871891, 891.1293213219342, 891.1096848000069, 888.9848922350641, 890.8546178991603, 886.0749443031704, 892.3199514920468, 890.585473200561, 885.6443838238764, 890.7000594190891, 891.3733481764611, 890.2794517403679, 890.9437127831121, 890.5336619164192, 890.6436856178636, 889.8213183323409, 890.6641305039974, 889.2865372984432, 890.164231498576, 889.5966542331363, 888.9613168802082, 891.2577236521721, 889.0503940750687, 889.4618000548446, 888.9191635860134, 887.501379575332, 890.621474762333, 887.8544486776871, 890.9159320492859, 889.8181984435561, 890.9467601101957, 890.5964010692747, 890.4915904507654, 891.4135786002292], "lower": [-973.1479096495631, -955.3226480816705, -974.3079920103543, -781.8059128417087, -583.8036201104316, -541.9503195557373, -421.46203702995535, -384.0726489703051, -342.5635795059161, -64.30053127142119, 108.22433599900248, 83.14834825948236, 45.398657780756736, -367.5060301279279, -270.16907402469235, -305.9533248015036, -257.8762428899708, 1.7764869937039762, 63.870030994750934, 79.71072850777617, 49.16457704261566, -48.536155554983175, 186.48754681677215, 209.71477170886232, 263.5122667164402, -1.9953224296769219, 126.42343461425297, 123.33846811663061, 96.34250685757416, 142.41812624566808, 445.1510119666524, 108.72138795585009, 261.09262064554053, 310.54228068711694, 429.0026654797111, 696.5713846136804, 464.72661375783576, 429.9669327509891, 532.9010451716662, 371.8986449690026, 705.6418726675412, 746.684846058761, 674.6449758121378, 298.7748375424211, 699.990909587467, 492.81113674889593, 723.4480816991817, 766.56131264193, 829.2863775852314, 825.1529734206957, 607.8769953357826, 701.2037294497136, 792.1558141436554, 789.848502581378, 797.8396844951008, 384.04459752959656, 589.895190446499, 652.3538047688633, 634.9412131217973, 572.8875613126686, 743.2194135160553, 639.5579061417382, 613.391943477648, 666.8029289747703, 751.9557974977597, 460.9509525071948, 840.0677468663447, 882.8901711218128, 793.72742938743, 887.3118969441713, 705.2532737743611, 418.9402691894859, 234.1613085045023, 452.39849397532095, 469.35067750278296, 443.83954762501514, 505.0447135992235, 587.2936054642671, 332.1486467254764, 838.6978449261861, 879.4663075448518, 836.8078358931629, 674.344626052419, 738.8522742162224, 494.0918708014642, 717.6409597148125, 790.1230548710846, 722.4735527746187, 298.2594880764399, 842.999824141585, 797.992148448063, 718.7001894357444, 709.1465382900943, 539.3266676487702, 728.093126991962, 526.3248791604552, 713.8414478165297, 270.71538473421816, 885.4202996128193, 834.8281851108605, 841.4012500565098]}