{"mean": [-1214.179263090752, -1157.801739966632, -827.3168307062342, -774.3885004883192, -727.3415645347671, -728.5815774544399, -792.36672666791, -642.1539887223349, -535.3011263311837, -797.6413686502514, -244.09952033307903, -458.6243121967245, -411.3810334427665, -247.37597835130816, -107.98257508324792, -183.09202604942038, -107.1476680057266, -54.01009744095103, -137.33438292526048, -240.64867233284596, 52.75955497052002, 32.396519043159856, 53.63221785402936, 225.13228437515622, 283.75328328215664, 243.9656378069269, 187.73816157770054, 233.64876102695374, 327.7302957662826, 272.75237682808273, 418.0098107948, 402.97788228721896, 164.24519888122632, 386.0951732654048, 308.0179599584064, 293.82510620679847, 398.07671700842315, 266.44852318309273, 236.70660274280115, 255.94349550708705, 296.40003050959064, 277.2661757268828, 397.9807077890946, 423.6490714830159, 270.59401444210295, 371.05742953689463, 514.3325598905205, 459.21720306272124, 425.838539147848, 542.9613187775732, 425.4650106749641, 413.8147755616323, 535.0202437055735, 94.9750567108387, 546.9869078929969, 487.5332751551363, 423.1678594923983, 395.19249408017623, 505.9562953375152, 528.2536214341393, 513.5382164436854, 522.4300445786356, 370.7373203665239, 563.5707634127909, 460.16735077258727, 360.41675903514357, 453.51537086754144, 443.96694068131393, 446.1083363565197, 471.93861399239466, 549.5904645328615, 529.30251989085, 604.9791566844959, 461.50169231453293, 578.5199763500282, 417.6845619592075, 609.6479491465981, 417.95788039458233, 486.86977559059574, 599.1809279905495, 557.6196285475718, 550.2426880330482, 460.59429145434643, 505.2275362013066, 415.74261491781454, 415.09898311596135, 584.7700253183833, 490.98937564293277, 433.72054238820743, 573.6726791221345, 577.3228536038388, 617.4382814590313, 570.7371624744202, 596.3355131071118, 486.9890755541319, 496.8723073583949, 503.4752062143328, 547.5366760229099, 623.8283502183377, 603.6532478608409, 459.74743003092357], "upper": [-1060.7246440851347, -964.5920026442682, -701.7294071301864, -460.77659125435844, -214.17748139642634, -334.9018387537903, -237.88753315135662, 4.416917093099718, 104.73879237901426, -282.58358949726653, 314.414184583019, 244.3303157240749, -134.3762176702859, 143.5859328356033, 384.5823979949938, 336.77073046519047, 274.58075565505936, 440.3503564652961, 365.53471498859284, 365.5166946132161, 537.9379653745299, 334.0792360333608, 450.3281336912117, 535.3667300990405, 601.5543707813029, 448.7715566931993, 555.2804817319527, 487.5752302132864, 478.140148259597, 517.4520876893422, 532.3238440652657, 471.789538339635, 548.0231937646565, 588.964067589209, 521.8938360876849, 475.2489728065694, 608.0668364235987, 506.44802436702014, 493.14666063826365, 578.0202019434203, 559.1387961373018, 516.8987040267766, 592.9056915340805, 578.0500374899176, 551.8181351917127, 579.9612735907956, 600.1396234763729, 602.9753267434199, 556.3887846856984, 605.6695565880299, 587.4475002529533, 547.184345995795, 608.6284320893653, 525.0762334682503, 616.4170469919806, 621.978316123739, 591.3046991008326, 602.5956725070516, 610.0795875170152, 599.6272224993488, 596.3369913083906, 590.037018212308, 605.515520457425, 602.8465952183046, 627.7640890892947, 581.9134358428365, 591.9158393176629, 596.4270154891594, 680.0302147304336, 615.3806957739259, 632.7264353213855, 614.5936957647789, 693.0611281770899, 706.271581860354, 646.83541689847, 632.3012222791372, 668.139591679626, 618.6379884314853, 638.6400850328522, 643.3003123443441, 652.5661790053194, 666.6642518965663, 629.2450320892393, 641.9841544031857, 643.5232859673329, 627.5265688434005, 660.0643810980188, 629.9505779031978, 657.9971875776608, 651.1916501474161, 612.9799080494865, 679.1841418516527, 622.6391813371974, 653.654086035604, 676.2013742197871, 620.5968935609868, 666.6683650318716, 673.3047992406061, 694.2070697050789, 689.9230036200656, 720.933979993185], "lower": [-1326.5610606855994, -1372.9966365769146, -996.8225499526815, -1315.1216850731541, -1136.6546687140385, -1041.4656594448802, -1400.6328177472221, -1178.7384596445017, -1500.548411693765, -1528.4371587569076, -685.6924791515972, -1227.3976005400586, -829.9192722126938, -724.6520128373223, -427.09584389471274, -1007.4188899480682, -692.5747758981344, -762.1237170925492, -512.8583689843622, -497.6446445381463, -438.4175015715795, -508.95537072153377, -470.5509300211735, -240.11847906963382, -103.61428654852209, -118.81947477887577, -347.81794158961975, -455.20128940210276, 20.437894040350624, -419.18003077896907, 302.10104110672887, 251.60075737950547, -400.6713828764404, 135.2757813202903, -115.99149734250081, -1.0554587293692774, -157.1586513482907, -505.92439788392653, -507.33329702736364, -155.49836947228886, -119.55222786086517, -216.5498437086486, 236.46750447265228, 196.87910275362395, -168.94060642153184, 98.50878580856826, 388.57410346550284, 271.3731156122914, 231.65460019839392, 445.3201455281478, 112.02478560033913, 52.434214645014464, 460.07191861102973, -888.1277512373512, 447.176407424416, 79.27519132221504, -158.21390492685606, -229.70065673667287, 208.05457694049514, 381.0272627770547, 426.51856622385554, 457.9500519560474, -301.8204528965756, 472.22035987225877, 68.52922319026982, -287.33467350150477, 79.37426639701874, -20.739313326928794, 77.09689241637246, 172.64427191766822, 427.75240642649123, 242.36636605123343, 552.8571848071018, -2.5184718572170914, 517.3690007060825, 20.559667078968776, 538.1468105808973, -283.19157736026636, -84.93182917427492, 550.225618238142, 353.6350982925419, 235.94727277723985, -87.13594061497996, 69.26611380615218, -46.27503428433826, -237.0857688176589, 535.4400784137126, -74.78997880202067, -23.676918513567884, 368.12905291073963, 549.4384822448496, 556.2640676347584, 446.3104295216736, 542.1466463615351, -179.93102149277252, 199.16357768989272, 286.85906891791063, 194.0403130652719, 528.6047317939671, 538.504348185487, 111.01601592565575]}