{"mean": [-1439.2119413758599, -1388.3564581868288, -1313.7316567857463, -1048.369832832991, -1258.0597295315492, -1104.1070162855494, -1167.5426908066856, -1284.6693957212926, -1314.931392815862, -1272.8365282140119, -1137.7149475478225, -1236.1944440386135, -1351.0884693500614, -1140.021578841054, -1300.571149113314, -1042.0751848932798, -1021.6733203404883, -1021.1245656673294, -930.3333804395279, -981.3928349581425, -1089.6201624376047, -1237.574209852601, -938.0426327041027, -1127.5248415051622, -929.3371781579822, -924.7835121553858, -909.323461831587, -989.3052183138116, -1016.7189826898344, -1086.5928231766086, -1014.4469782251813, -914.6364633647521, -939.431074974232, -945.901446321162, -927.0508536738486, -1034.0858507689163, -967.1527879750884, -1051.8183887129014, -879.0332183370193, -1111.4105527506106, -1024.9826829866795, -896.4130577982397, -893.458709589169, -894.9881026089274, -954.8304084012155, -874.4075376831955, -1010.8107255189816, -984.5888578817702, -879.7735894690668, -1092.9886640532914], "upper": [-1011.7310181362019, -381.06420449552814, -630.017528808291, 312.49335639833356, 323.5089886516011, 298.0514478487686, 281.0809644485589, -390.97675966852546, -712.5564167652932, -46.069664595044514, 302.6621492674875, -167.06788356554654, -472.53375667404174, 262.5668471008846, -335.8875279779859, 315.03436095685225, 317.62304748285413, 174.26111415997065, 280.19518079729477, 261.1546755117806, 84.47619020379139, -466.8434494466557, 311.7766043456739, 107.00086850121627, 300.1779163338246, 289.81725856936913, 317.435636746782, -93.37629401751386, -433.02522936441545, -579.8642306494505, -429.69641271204716, 271.45501949421015, 300.66852172631604, -11.20200070630396, 290.6345659395453, -191.2797974353118, 242.78857803267763, 5.412324771113274, 292.67770588262067, -338.01776358466907, -281.3742464027027, 265.65591134282454, 292.32805251147386, 277.7711290193033, 10.61838471110126, 299.2476646562467, 280.21132245445125, -368.03490775990514, -220.61923284464498, -1.8839103633315286], "lower": [-1654.4829601951394, -1863.9775273958082, -1827.8899869217755, -1850.5570419480152, -1880.7425537822105, -1856.8611621630193, -1808.6381796883811, -1814.9746013087429, -1792.8070029687774, -1849.4661370585357, -1815.3374782199664, -1811.3138677580523, -1814.2056389070578, -1849.8549727518712, -1892.1218124563325, -1805.0202275960417, -1834.5324263549633, -1835.7826197239813, -1765.5653169706234, -1676.074178407449, -1702.9195729963446, -1718.6823559571098, -1677.4871686998135, -1671.9109956434518, -1685.1260151052736, -1689.7380485279034, -1692.6031812037272, -1717.3936524705225, -1678.3325369114164, -1680.38822904106, -1693.4887649038908, -1722.7173664870875, -1689.58037149356, -1678.3406984296205, -1704.4539820031337, -1694.295801014592, -1725.419041095619, -1685.8001922896017, -1687.6028439882766, -1680.2738389010249, -1727.8588207454438, -1689.895333327593, -1673.5928508661427, -1718.3227773775081, -1699.5186776008306, -1686.1173522598474, -1679.2106400864395, -1692.558414576281, -1668.498677823051, -1684.2645224183161]}