{"mean": [-1439.2119413758599, -1388.3564581868288, -1313.7316567857463, -1048.369832832991, -1258.0597295315492, -1104.1070162855494, -1167.5426908066856, -1284.6693957212926, -1314.931392815862, -1272.8365282140119, -1137.7149475478225, -1236.1944440386135, -1351.0884693500614, -1140.021578841054, -1300.571149113314, -1042.0751848932798, -1021.6733203404883, -1021.1245656673294, -930.3333804395279, -981.3928349581425, -1089.6201624376047, -1237.574209852601, -938.0426327041027, -1127.5248415051622, -929.3371781579822, -924.7835121553858, -909.323461831587, -989.3052183138116, -1016.7189826898344, -1086.5928231766086, -1014.4469782251813, -914.6364633647521, -939.431074974232, -945.901446321162, -927.0508536738486, -1034.0858507689163, -967.1527879750884, -1051.8183887129014, -879.0332183370193, -1111.4105527506106, -1024.9826829866795, -896.4130577982397, -893.458709589169, -894.9881026089274, -954.8304084012155, -874.4075376831955, -1010.8107255189816, -984.5888578817702, -879.7735894690668, -1092.9886640532914, -1034.2989949130815, -905.0865433750499, -890.0719876450934, -916.1571710442472, -986.232429826934, -992.2752747330234, -999.899372029212, -1184.0910720700997, -1096.1068267156754, -805.5407479505112, -918.1152230385192, -851.8466918481549, -1010.0949626360633, -889.3278988895921, -926.0616834568413, -870.9622685016185, -898.8475150300552, -939.134717038297, -810.7221291010596, -857.4070897262254, -892.0299887095872, -843.2839276527808, -854.0380726454702, -883.4390875699668, -848.4574240183674, -875.5138789783213, -1264.6036505859502, -886.6983897993592, -1057.1647119650672, -851.8657098724781, -903.872050045455, -864.0921651525973, -1253.1249732232152, -1064.0452238563437, -816.6193700884654, -821.9788790610181, -938.237771549757, -1017.1654487319503, -835.6380989349885, -943.5676404903976, -993.454422353615, -898.2858954180434, -938.3903935622626, -836.5809046806093, -868.7827525217531, -855.3946052173164, -937.5090462923512, -891.2945309287285, -1071.5067499865702, -978.9193205615574, -832.3730865645625], "upper": [-1011.7310181362019, -381.06420449552814, -630.017528808291, 312.49335639833356, 323.5089886516011, 298.0514478487686, 281.0809644485589, -390.97675966852546, -712.5564167652932, -46.069664595044514, 302.6621492674875, -167.06788356554654, -472.53375667404174, 262.5668471008846, -335.8875279779859, 315.03436095685225, 317.62304748285413, 174.26111415997065, 280.19518079729477, 261.1546755117806, 84.47619020379139, -466.8434494466557, 311.7766043456739, 107.00086850121627, 300.1779163338246, 289.81725856936913, 317.435636746782, -93.37629401751386, -433.02522936441545, -579.8642306494505, -429.69641271204716, 271.45501949421015, 300.66852172631604, -11.20200070630396, 290.6345659395453, -191.2797974353118, 242.78857803267763, 5.412324771113274, 292.67770588262067, -338.01776358466907, -281.3742464027027, 265.65591134282454, 292.32805251147386, 277.7711290193033, 10.61838471110126, 299.2476646562467, 280.21132245445125, -368.03490775990514, -220.61923284464498, -1.8839103633315286, -193.01904207725465, 279.23907489316684, 283.91341838647185, -95.84617131380054, -199.23328018082384, -273.634228601357, -256.37575458870265, -333.6776724235758, -202.1194551979794, 284.7234906913469, 295.07934085679227, 309.55321279017454, 28.127097931801174, 311.85213227821595, -56.23399578555435, 291.1542387097419, 183.63446375739335, -95.27234995668992, 283.05891237090015, 140.1495956652521, 7.845384071959662, 303.2285696314187, 326.0791675083674, 78.07309808858092, 300.8556494936812, 307.91922454108317, -146.18084597468172, 302.6873825592568, -13.143664050711603, 279.8873351076905, -23.96602043262865, 298.0043109283309, -41.91522909016008, 22.272349726565167, 302.7011886557779, 52.078537381283, 286.73198493087784, -34.8372170414603, 318.37329078440405, 313.01912008062936, 315.7647871761916, -49.109773004093896, -75.82584840101, 282.36044580805077, 290.6346805373634, 17.145163231865485, 320.5777119378729, 17.923044469617064, -78.47546717747072, 72.24277347920521, 316.32379555654967], "lower": [-1654.4829601951394, -1863.9775273958082, -1827.8899869217755, -1850.5570419480152, -1880.7425537822105, -1856.8611621630193, -1808.6381796883811, -1814.9746013087429, -1792.8070029687774, -1849.4661370585357, -1815.3374782199664, -1811.3138677580523, -1814.2056389070578, -1849.8549727518712, -1892.1218124563325, -1805.0202275960417, -1834.5324263549633, -1835.7826197239813, -1765.5653169706234, -1676.074178407449, -1702.9195729963446, -1718.6823559571098, -1677.4871686998135, -1671.9109956434518, -1685.1260151052736, -1689.7380485279034, -1692.6031812037272, -1717.3936524705225, -1678.3325369114164, -1680.38822904106, -1693.4887649038908, -1722.7173664870875, -1689.58037149356, -1678.3406984296205, -1704.4539820031337, -1694.295801014592, -1725.419041095619, -1685.8001922896017, -1687.6028439882766, -1680.2738389010249, -1727.8588207454438, -1689.895333327593, -1673.5928508661427, -1718.3227773775081, -1699.5186776008306, -1686.1173522598474, -1679.2106400864395, -1692.558414576281, -1668.498677823051, -1684.2645224183161, -1685.6931161864568, -1690.468586509404, -1688.1659162191625, -1688.5093790916949, -1739.8678531507046, -1726.7078894829767, -1695.5281044390836, -1741.4882432205065, -1717.6583408507256, -1716.8948065383613, -1678.4934781971083, -1694.5240437147945, -1700.6060345581739, -1687.066240350102, -1669.248347705835, -1714.4698555520347, -1686.3401969349502, -1665.7488645612345, -1675.2988599522298, -1693.5592867691946, -1716.1118990779923, -1688.5561938304947, -1693.8688495596182, -1688.8339318210617, -1692.9523357701341, -1718.0627787896183, -1690.3354266368299, -1683.447207003215, -1710.2649726292964, -1682.2760163812848, -1719.8001404928766, -1691.5786413619687, -1690.6709484037194, -1700.7702020878007, -1713.0571473575237, -1676.3848835916854, -1683.1496057908967, -1675.37931544042, -1692.9450565386128, -1688.185484400742, -1688.191923665585, -1731.0283987918294, -1733.6679050235596, -1683.4222385974765, -1722.9991000565485, -1674.2373555780073, -1692.266831237619, -1685.3451885901352, -1681.731932236134, -1692.7855535084957, -1674.2910865438025]}