{"mean": [-925.5410556850611, -928.6949629570036, -958.1531933393776, -867.685473474755, -628.1402907014714, -317.7707942307142, -12.193373906601872, 36.2355804483933, 95.82489932898102, 146.94819258489522, 215.1623652476134, 312.38260697153675, 209.22998087090767, 422.7337480005258, 209.5544863766705, 361.7369550656386, 385.0692626423752, 573.3111468658312, 581.1141893650646, 620.0804313485993, 709.1109363579226, 689.7060562162873, 701.0042614323994, 760.7289420191472, 785.9008821060155, 802.7393802955944, 853.6276744670859, 819.9280810457341, 860.9659412009381, 845.4677131153768, 853.7327959321414, 855.14476007209, 851.545724417207, 861.6515000659865, 834.4172381633798, 847.3637579368891, 860.2666924838262, 878.1387993183777, 879.2759248676315, 887.8385013674348, 887.7649219716496, 888.649136852371, 887.8120440340139, 879.603409022555, 889.6806710724169, 888.947877853444, 888.45508205513, 888.1389821587381, 887.5722284647583, 888.8352769590903, 888.2580433344616, 887.8271675220712, 870.2503327833041, 870.6323392876064, 879.4397249969356, 869.9133980279299, 869.1236446665807, 887.795740253469, 888.233431720056, 888.8924969219432, 889.4430758880499, 888.7600991377177, 888.8768015172637, 888.1512022921429, 887.5720870273581, 888.507088489765, 888.7188533903872, 888.7473947612294, 888.807212505003, 889.6910661923181, 889.9009160678769, 880.9419831013194, 888.3301569958007, 888.9582865607421, 889.1324273337613, 888.720958546328, 861.6702441099379, 889.2818511960503, 889.691218478533, 889.0301097040765, 889.1696412645251, 888.5319663576142, 888.51007688013, 890.4483014037822, 889.7507513389222, 889.5169766498129, 888.62837182899, 889.906909985792, 888.6435323367626, 890.3293227113401, 889.6514361803365, 889.5159688767457, 889.7263769220784, 881.5195024638382, 889.3643520876072, 889.7719945450623, 889.9378841884296, 890.0345347008529, 889.8936679305203, 889.8405348859343, 880.6297302052993], "upper": [-876.9257748657708, -901.2933973630398, -937.1784755745357, -711.2803254212889, -441.0749060932985, -139.72978168294608, 118.20907204240152, 152.21773809030915, 244.3726551052595, 419.24104461286674, 511.55041313142397, 639.9758487511806, 289.7620583480158, 855.7629018338654, 284.4060365722497, 795.4724367491583, 889.1046926143035, 889.5839773932405, 785.7563677096733, 887.3625269437811, 888.8383485246017, 890.3243084597765, 885.6878433712003, 888.4624505318403, 890.314612925349, 889.9875691560942, 891.2478820886366, 890.480891469674, 890.2752811834117, 889.3439157230416, 891.1935219268794, 890.0176787552405, 889.2719342407499, 889.1799820282561, 887.5368277276706, 887.5582358730014, 888.3612450595385, 889.883354692753, 889.3551087763673, 888.6921934159594, 890.6784308577379, 891.6938197281867, 888.9772857587004, 890.3419683070197, 892.1529575812186, 891.514282057011, 891.306733448849, 892.4225798962549, 888.6631194728645, 892.2234850478699, 890.2723882254024, 889.5839471420737, 890.7179721734342, 890.23401519259, 891.5124679376636, 889.2122746765776, 888.5136655729185, 889.4723105553793, 889.1643958123699, 891.3658018217568, 890.5535563945283, 891.3828968696082, 891.2000143248588, 890.3263615366153, 890.2813281012163, 890.4298083642434, 890.8973663115486, 891.2614627557828, 891.426298176092, 891.1229474466178, 891.0631412847214, 890.9884251270207, 891.1192204953946, 890.7851943753806, 890.3441966403385, 891.7399115103583, 890.1541684396373, 891.9605050740778, 891.0058507807963, 890.7891012328107, 890.6920746478827, 890.2856552426242, 890.6856660266184, 891.4612349752107, 891.3753510869436, 891.0929844218024, 891.1394167332237, 890.8572175456483, 890.6271672432845, 892.1060111157368, 891.5355162849477, 890.685661308539, 891.5582890855251, 891.4252184235846, 892.366524398208, 891.8580576615927, 892.463817263698, 890.8776722964403, 891.393501259509, 891.6430101252442, 891.2244895429349], "lower": [-969.8017751186203, -971.6547798019423, -982.938724420455, -946.3529821630615, -702.5519211193989, -532.884095033178, -201.08646692459675, -165.46082481798507, -76.23876497236748, 38.3689409222581, 10.893230499704222, 80.92852418047637, 42.86291966487903, 196.31072312733312, 109.80680264499317, 156.15267624177548, 232.66815930857902, 316.8093644344, 327.4447897185971, 419.2973995441031, 549.2300228743353, 516.2293899990613, 446.546679610927, 500.0879682554899, 693.4799980996188, 727.9226909067951, 782.6538075509961, 681.4430254667221, 779.7590421342799, 739.1345541182349, 780.9909288113827, 739.0701793023687, 779.2085228787711, 733.0276992670523, 679.9189490475625, 781.1431623364539, 783.0450359521545, 838.0234511087702, 835.0734774040792, 886.812293842155, 885.3872817536263, 886.8247179334294, 886.4532962553864, 838.7334320857806, 886.8283535371662, 887.2429882078528, 884.7562068420887, 885.9659210666975, 887.0413619048566, 886.1230022284623, 885.3542379527487, 886.8517022094668, 782.7369849621354, 783.8765601499417, 834.6414579554475, 779.5523244390954, 827.5483108130219, 886.6596660012794, 886.9029017018272, 886.8415315094568, 886.8719117778819, 887.1549105689755, 886.8699733065181, 885.1822945286403, 885.2324889429183, 886.290449905055, 886.5477332399109, 884.7288356230641, 887.0511840706839, 888.5454854301574, 889.0996737775886, 838.7437617625633, 885.6475595489771, 887.6343766892343, 887.113985494676, 886.0109371459494, 734.4621312197415, 886.021983853425, 887.1474097297985, 887.5085589836833, 887.488608185333, 886.4060319763747, 884.0946750036595, 889.0646425759094, 887.4258322695217, 888.0557328405555, 886.557012128074, 888.4446114824758, 885.9456990454634, 888.5560246281311, 888.0597574349963, 888.2637799642617, 885.9960435417039, 843.5913958136723, 887.2168965241802, 886.3715583229358, 886.5826231287231, 887.1715244739814, 887.6707649446339, 887.7176653465165, 837.5733782732768]}