{"mean": [-878.3331026511763, -912.711702119279, -922.6067218955476, -963.6933345658878, -954.6928221235247, -896.0943985758076, -746.0262025839137, -484.599654361474, -240.95500526895557, -44.16828413330833, -15.94088040873572, 84.85270561458637, 95.71064300007039, 54.956846329365106, 58.14602445647247, 14.326320002899593, 67.29855457342073, 68.66343464166421, 84.14726566642328, 73.71494645093561, 66.68107608481166, 56.666726866006435, 29.249253498975417, -220.2703863709562, -217.86042588867417, -237.89133425478983, -235.60308378452848, -226.46710069419154, -226.93160838152653, -211.7304506644051, -253.5582140227303, -231.18251090323065, -199.55684045679754, -225.05010373466453, -227.46200044467886, -217.73446678492505, -61.66629954931893, -67.96763006119852, -75.66403532404841, -39.57983184745768, 72.86233326585945, 101.61966882935212, 99.75274361109884, 81.17831035152501, 108.28468636185691, 83.57366377691812, 105.92054752062838, 122.52071206726391, 97.07439645510254, 81.27433666504456, 72.71747033279898, 93.61779996228158, 87.84834854996807, 95.15725310509669, 106.28651141827224, 96.93783444342392, 82.909438400582, 85.44773294712792, 82.260339414793, 75.26576430211513, 107.47142526887899, 103.19440463674444, 69.71825028265756, 84.05784453655039, 117.3188914247416, -76.84188545708558, 93.03805271095165, 98.05581518105136, 103.9128403939064, 84.684952479684, 83.22574899290193, 96.71163598097276, 56.53920624488715, 102.68367681126223, 92.32787006681731, 112.989765815503, 57.03469949404852, 82.91843289325499, 78.89443465283885, 72.7482034123844, 59.04185459888504, 63.155774963981116, 96.72518613403456, 108.80296833426172, 69.96730799046018, 98.5785927556041, 87.98183642113615, 58.64203791882247, 118.93539282577483, 101.65166089525427, 71.32557318486745, 86.54216671030996, 108.02989861009787, 48.861530956273924, 84.64890338159678, 109.99666253216667, 116.45766360974301, 99.9940382353221, 107.004982681779, 65.94756422547593, 78.56318281149665], "upper": [-819.5516610950183, -754.3645806020754, -843.4519854386972, -941.4461501103793, -916.6565018492854, -808.294544603019, -426.5425853972667, -175.76379492296098, 60.880407601250205, 135.9626205331206, 150.3766577814387, 151.71746985520562, 153.44263524732267, 180.62435452744126, 153.5817934020626, 138.90364217005856, 138.8387896766044, 179.89295456154318, 171.76603163906952, 253.98207764015376, 176.80959800142855, 179.46112480349484, 112.83874557778869, 94.15919512876249, 160.62051685695224, 151.88292208865977, 109.24926551049765, 167.43734407595971, 133.69291123356678, 182.7774145520944, 97.93254009532713, 176.03081721725414, 192.18632012023232, 193.24651579976626, 117.0793600365865, 123.20616429795034, 168.78145902037014, 128.12703725933812, 168.29126882413271, 210.5433433281481, 201.23911784766813, 214.04218124534705, 155.0277944687225, 154.30917217672388, 213.2619324302209, 218.2336442334139, 224.40817049705464, 296.35493028583556, 217.64518413088075, 227.19577900111474, 212.5611363735259, 195.53238808214203, 218.56178680989652, 206.02569989501708, 235.61553322630033, 245.27426034299137, 206.09503770539786, 203.94424467962335, 210.5613365175982, 134.97277743278997, 199.74449793225023, 180.17258058341335, 217.37426690524572, 192.5611244187736, 210.74882270118528, 230.56594200188906, 222.08557687659297, 194.819136062914, 177.09925387331634, 155.12763537173797, 191.28838056315539, 204.5034808234621, 169.22615905383856, 211.86567536225465, 187.61960715316104, 220.1725949115892, 149.58511890586027, 149.71671257505133, 170.7666657279835, 214.82491408156085, 161.26996271432637, 177.89922908495055, 219.83724856367868, 210.3729134412878, 252.06292853531957, 231.6807471892521, 287.333625601282, 191.66869147460937, 197.43428742719288, 213.66531808593322, 198.69043407020501, 206.23183934585273, 213.3457587286599, 214.68257018949737, 207.1383177183411, 209.86344911362724, 272.6649182151476, 233.01879234936604, 240.57102467423334, 230.72199865354642, 280.26589479322854], "lower": [-952.3886702588525, -964.3581097751166, -963.5978448593028, -985.4188488102674, -993.9193887029774, -947.8813638407344, -963.246231211275, -701.325098533971, -423.43395855150186, -230.43994739986636, -179.64826976792514, 15.873551149456521, 24.436644377276643, -77.93488252495445, -159.16793197580307, -221.48684349681378, -35.69091959405909, -93.48356170630218, -20.49411727070845, -34.04968267744483, -43.917374791711985, -24.255951422125925, -117.55402644731429, -861.4642428477739, -871.4096118853215, -870.2824597196692, -866.2059697884612, -855.6314997094918, -841.8636493652059, -846.7822274548455, -842.0305283404214, -838.9342816489201, -829.1569034781822, -838.3169584674696, -846.5233344785254, -855.3564288374793, -832.8925383532854, -824.880964412847, -846.2305801856387, -751.2032972340832, -52.3170396632418, 4.321534684639005, -2.8798565450257905, 34.51782582565896, 49.83444206626028, -18.324267094514926, 29.01990488310314, 12.086258597115027, -51.9382507693885, -35.909538342151784, -27.463970995453458, -5.995805274615667, -79.03060224919922, 25.504783289383976, 13.869884877875688, 4.282531610218005, -5.965248983979673, 3.541801502169497, -37.13609412417189, 23.393478707994923, 26.80668771112917, 32.01766761449897, -17.43870929766109, -44.16173681308248, 28.23938055816874, -866.2169311172378, -1.7610374903616055, -12.738192933718793, 34.38902988599214, 29.616399982376414, -34.97818133816152, 7.114517008445129, -5.091738616149203, 1.586937518901959, 5.489943248998119, -65.72331900826289, -23.325966288632443, 17.286026107637838, -2.7922027575227717, -38.274639588938236, -33.62650677846408, -11.69582105747781, -13.169372328525963, -8.360419478714059, -146.6166555603958, -18.12784971467707, -78.64713303476586, -117.09869304492977, 34.800773722774, -40.687049295044176, -20.2754837771943, -48.82346109041806, -43.66180919471206, -401.25820371730555, -69.26370585513031, -3.401732414632123, -19.67170965595234, 25.607466797558175, 31.590559852365377, -138.0972517478733, -161.78484583200515]}