{"mean": [-1214.179263090752, -1069.7517724496724, -963.4880732977746, -945.4593687673099, -642.2598868331087, -753.5972381935021, -449.1382489085181, -553.0734745038327, -702.688692012889, -768.3169328407845, -632.152162603452, -716.6207265451011, -477.0597025462461, -440.56542899615675, -361.59002715721454, -168.76309898820128, -70.78319942518492, -219.21561966165393, -139.29071360548662, -20.943874203687866, -90.67319856358598, -111.02757619135055, -78.86370301264937, -27.332051352756466, 6.146286646329902, 161.31636141443332, -54.3954091881424, 66.28894924778596, -136.71836283888976, 24.796139847977827, 141.33878232493598, 149.22767649693512, 153.13567081965024, -73.43635341168242, 139.10968949799232, 251.79020158188234, 172.3468024796175, 289.59375829948755, 174.67108379711695, 300.0491117024081, 229.05730463977878, 103.53232462381557, 288.1430717048413, 221.3963169956571, 274.2779775522677, 334.016954209294, 427.1982231187228, 354.7984030441275, 406.12444660109713, 406.3265308109264, 364.11336475617526, 437.34179284998146, 396.0721618668074, 432.7138981277935, 472.406356176843, 426.5960600386549, 254.11385399150302, 418.3848846804858, 415.29786141565455, 357.85868686053664, 293.57964158059787, 435.11457487194275, 522.384772430756, 430.8810434402532, 444.2100199659829, 440.8843927264067, 348.99145403037255, 369.0276990872671, 411.30887867781445, 451.35986029448003, 513.8160849441734, 461.77197772074106, 507.9131403612458, 466.0165163097104, 480.17252937748793, 494.169158724855, 451.5952492357185, 523.4156473059314, 390.07758007781484, 456.6366998666542, 528.4169707928594, 513.6575322409695, 506.8491549792704, 450.4507241446889, 508.4208390095814, 537.7175465193213, 520.2369514307067, 516.3944193170759, 528.3854827155905, 492.5766059386174, 390.99231961860914, 585.3952532148503, 501.2732815943844, 535.1655783864991, 505.1144165443825, 528.5103674806838, 513.3797483834215, 534.09518873977, 536.4656000872097, 508.16121751143737, 535.6580653933213], "upper": [-1060.7246440851347, -856.5302279770451, -760.8668427642274, -760.1271435241862, -350.0606872679976, -577.9052391812841, 213.55581242900104, -26.168712171245698, -83.35948137143565, -358.77279359942776, -99.7902462972195, -336.15587992313965, -100.53353871083392, -60.42496467072902, 101.955258285538, 391.0174775915818, 378.9483610027384, 398.39440060422817, 253.33277030380415, 383.68535032754124, 274.426929751395, 517.516285564039, 254.73328313248487, 308.86563730157985, 358.876577954485, 439.6157013400768, 468.77219777787127, 429.4185754539983, 465.74723450878275, 623.2346874210539, 615.8400399118432, 436.4615081347698, 570.3290749731569, 283.5423529853998, 378.3353429629601, 532.935850356705, 625.4533894745049, 623.8951433445477, 620.503782669956, 520.4851575332159, 459.32216167724573, 641.0818434949956, 505.2297785265236, 618.5022122764394, 646.653396651143, 539.0728178163438, 580.6563574038053, 530.1902770029824, 642.7534629815467, 580.8495152073197, 587.0862345558439, 581.2603864483916, 596.765812651846, 649.2234003998706, 630.1272609699232, 525.9116416774447, 485.24438062632146, 652.6477782502095, 661.275609140062, 559.8842687838401, 529.3987960114125, 628.7269096506072, 632.844756842827, 631.3643496621281, 566.5230065269527, 660.1336005257224, 547.2822159528761, 575.5932160147843, 603.4635066950357, 671.0929976129247, 638.2118006778372, 596.1507486626276, 633.7955204398129, 663.9146809690141, 656.815938470367, 605.7596628448257, 619.2963181509168, 683.9229705369655, 619.6410244622082, 644.4888730304493, 632.4377825444703, 630.5323983968166, 635.5013299893691, 652.5276418504417, 592.1724016794684, 649.9632050037767, 608.9065529455828, 619.4198239857388, 606.8700529124743, 580.8452534565829, 625.9711001584607, 673.5035305815364, 569.6999350164373, 635.5237912589394, 659.3965240711052, 649.3513471607167, 593.3701716870554, 616.0273926885441, 650.4250663688666, 601.0440975208286, 620.6951988186582], "lower": [-1326.5610606855994, -1425.967467532875, -1226.6595103669904, -1139.002377839961, -881.4122247907, -853.9641265521835, -985.0481288056269, -1246.194029198425, -1440.807033389641, -1494.5982853422554, -1302.2357820864218, -1391.438151160002, -1089.2452321937235, -974.173127984128, -1018.5748084251532, -547.4397714264752, -353.7785022058433, -665.7296212013674, -711.5235101347058, -640.8932570974533, -653.9262585389693, -642.7520242296417, -495.25777790018196, -463.3029564420149, -297.44110263040085, -362.50800110109105, -433.1172952002123, -634.3715377809278, -884.4815049802969, -913.9623174898971, -492.51656536186647, -261.5791377731688, -333.5331199982403, -554.3941776285209, -118.95344993978355, -135.3554667566247, -258.9752423216621, -245.76992442365514, -353.2125324920255, -32.96205965749635, 34.96682003176243, -707.0942699183021, 79.51072228860573, -409.27854074971003, -225.86343234859362, -16.757385325468103, 99.51928185694275, 194.06424745339206, 36.227540157316184, 233.72984682989355, 207.00173505341226, 195.24882896813494, 98.5013633893366, 198.3707199011479, 330.5146236770364, 273.18368316089897, -477.58849381920044, 260.1673521946709, 241.11089530716853, -46.281473227844685, -353.94494750526667, 228.31191431091304, 433.0551506105912, 166.8220241480027, 306.40079328587865, 200.65662950185657, 44.87775854628705, -142.29068750041367, 95.0418886840649, 219.34316038629768, 444.8692490395608, 228.86570122924172, 377.5714692277572, 254.0370219769044, 362.6153843882562, 257.8570153194242, 130.27247617863605, 347.34188686586566, 123.49047580971822, 222.41742705543456, 395.32991603139493, 412.846150232679, 383.70006979509776, 256.07163713871705, 403.88482957310737, 459.8316425428773, 425.3203675710801, 388.7136442720132, 466.34957189869016, 397.635652008831, -473.71048796239177, 482.4978073881502, 457.34628606708674, 411.8610892061216, 280.03000426046196, 437.4968573688786, 421.9040040234647, 404.7972307224716, 435.0478048579745, 328.1035804904019, 455.6944857726115]}