{"mean": [-1320.3468213251806, -430.51996948797427, 16.40707800142936, 225.0701933824724, 222.25583735519865, 362.43741080026126, 367.11996823677003, 381.01729098135985, 390.5750004148712, 426.84963635383946, 387.2870879162719, 413.6971366169746, 423.20356470378675, 437.4463128785881, 443.69798521723254], "upper": [-371.723207839652, 401.4706973269489, 353.71820139871454, 508.604577246613, 471.46411073462923, 479.44684952136015, 501.1890933923531, 472.00998013875324, 521.2992580191174, 548.0645525294501, 546.3057703433019, 566.6548848065544, 555.5104775225637, 571.1470465227719, 623.141988297291], "lower": [-1756.1183950981165, -1403.6656076546508, -232.62170110600215, -506.484252652147, -103.00897865404295, 211.18831114734695, 151.5933961394682, 249.00247986430804, 193.75821895205027, 308.3510724427278, 169.35511427427508, 286.9587183433952, 306.0193751455435, 291.5549612058858, 323.83591998773073]}