{"mean": [-1214.179263090752, -1069.7517724496724, -963.4880732977746, -945.4593687673099, -642.2598868331087, -753.5972381935021, -449.1382489085181, -553.0734745038327, -702.688692012889, -768.3169328407845, -632.152162603452, -716.6207265451011, -477.0597025462461, -440.56542899615675, -361.59002715721454, -168.76309898820128, -70.78319942518492, -219.21561966165393, -139.29071360548662, -20.943874203687866, -90.67319856358598, -111.02757619135055, -78.86370301264937, -27.332051352756466, 6.146286646329902, 161.31636141443332, -54.3954091881424, 66.28894924778596, -136.71836283888976, 24.796139847977827, 141.33878232493598, 149.22767649693512, 153.13567081965024, -73.43635341168242, 139.10968949799232, 251.79020158188234, 172.3468024796175, 289.59375829948755, 174.67108379711695, 300.0491117024081, 229.05730463977878, 103.53232462381557, 288.1430717048413, 221.3963169956571, 274.2779775522677, 334.016954209294, 427.1982231187228, 354.7984030441275, 406.12444660109713, 406.3265308109264], "upper": [-1060.7246440851347, -856.5302279770451, -760.8668427642274, -760.1271435241862, -350.0606872679976, -577.9052391812841, 213.55581242900104, -26.168712171245698, -83.35948137143565, -358.77279359942776, -99.7902462972195, -336.15587992313965, -100.53353871083392, -60.42496467072902, 101.955258285538, 391.0174775915818, 378.9483610027384, 398.39440060422817, 253.33277030380415, 383.68535032754124, 274.426929751395, 517.516285564039, 254.73328313248487, 308.86563730157985, 358.876577954485, 439.6157013400768, 468.77219777787127, 429.4185754539983, 465.74723450878275, 623.2346874210539, 615.8400399118432, 436.4615081347698, 570.3290749731569, 283.5423529853998, 378.3353429629601, 532.935850356705, 625.4533894745049, 623.8951433445477, 620.503782669956, 520.4851575332159, 459.32216167724573, 641.0818434949956, 505.2297785265236, 618.5022122764394, 646.653396651143, 539.0728178163438, 580.6563574038053, 530.1902770029824, 642.7534629815467, 580.8495152073197], "lower": [-1326.5610606855994, -1425.967467532875, -1226.6595103669904, -1139.002377839961, -881.4122247907, -853.9641265521835, -985.0481288056269, -1246.194029198425, -1440.807033389641, -1494.5982853422554, -1302.2357820864218, -1391.438151160002, -1089.2452321937235, -974.173127984128, -1018.5748084251532, -547.4397714264752, -353.7785022058433, -665.7296212013674, -711.5235101347058, -640.8932570974533, -653.9262585389693, -642.7520242296417, -495.25777790018196, -463.3029564420149, -297.44110263040085, -362.50800110109105, -433.1172952002123, -634.3715377809278, -884.4815049802969, -913.9623174898971, -492.51656536186647, -261.5791377731688, -333.5331199982403, -554.3941776285209, -118.95344993978355, -135.3554667566247, -258.9752423216621, -245.76992442365514, -353.2125324920255, -32.96205965749635, 34.96682003176243, -707.0942699183021, 79.51072228860573, -409.27854074971003, -225.86343234859362, -16.757385325468103, 99.51928185694275, 194.06424745339206, 36.227540157316184, 233.72984682989355]}