{"mean": [-58.861505726033954, 60.76508552435548, -41.1129133597133, 10.141977451096011, -73.83751009162076, -60.40583626673617, -170.25964311437107, 14.614009548509017, 94.31294089573612, 120.52726888638209, 101.7265357503755, -46.3650114232542, 80.94372675526574, 17.145390883112753, 4.374130139666801], "upper": [151.02261673108916, 179.53996283502192, 145.60758977831765, 173.79213758177352, 227.4139998327771, 185.67617909957534, 231.15298475761978, 253.80574467683124, 171.36328993552598, 248.01761239369648, 253.55337901017305, 303.5796747449018, 235.90779572605106, 282.4151849035434, 373.1482505427952], "lower": [-820.6085610787175, -174.2975446186966, -334.02368880306005, -355.7845203775017, -731.3825271914935, -743.6061783299346, -811.8173822223243, -319.026598899717, -9.167281947596496, -56.07600316425961, -138.65561811053774, -578.7694506659886, -198.84575706332942, -590.0698234822714, -621.9801434471698]}