{"mean": [-49.93333333333333, -48.583333333333336, -43.32777777777778, -47.76111111111111, -44.43333333333334, -36.322222222222216, -42.577777777777776, -47.199999999999996, -48.48333333333333, -44.92777777777778, -44.52777777777777, -40.63888888888889, -40.583333333333336, -42.01666666666666, -40.00555555555555, -36.22777777777778, -32.63888888888889, -32.93888888888889, -36.43888888888889, -42.74444444444444, -44.31111111111111, -44.25, -34.172222222222224, -32.13333333333333, -35.75, -34.172222222222224, -35.98333333333333, -38.71666666666667, -35.083333333333336, -32.01111111111111, -29.988888888888884, -32.294444444444444, -26.95, -22.388888888888886, -25.71111111111111, -26.17222222222222, -30.494444444444444, -30.344444444444445, -39.02222222222222, -32.733333333333334, -31.16111111111111, -28.216666666666665, -27.71111111111111, -28.605555555555554, -23.105555555555554, -22.027777777777775, -23.472222222222225, -24.01111111111111, -26.144444444444446, -27.438888888888886], "upper": [-49.833333333333336, -42.96666666666667, -12.8, -40.333333333333336, -19.266666666666666, -10.6, -20.366666666666667, -39.13333333333333, -44.96666666666667, -32.96666666666667, -28.533333333333335, -17.6, -10.966666666666667, -12.933333333333334, -11.533333333333333, -9.866666666666667, -11.166666666666666, -11.533333333333333, -11.366666666666667, -18.833333333333332, -26.5, -31.633333333333333, -13.633333333333333, -11.066666666666666, -10.933333333333334, -14.8, -10.533333333333333, -9.7, -10.966666666666667, -14.333333333333334, -9.666666666666666, -10.566666666666666, -11.866666666666667, -10.8, -14.333333333333334, -10.2, -16.3, -15.666666666666666, -26.6, -11.466666666666667, -11.466666666666667, -13.233333333333333, -10.266666666666667, -10.266666666666667, -11.4, -11.466666666666667, -11.833333333333334, -10.666666666666666, -10.9, -11.1], "lower": [-50.0, -50.0, -50.0, -50.0, -50.0, -50.0, -50.0, -49.766666666666666, -50.0, -49.93333333333333, -49.7, -49.766666666666666, -49.9, -49.733333333333334, -50.0, -49.833333333333336, -50.0, -49.93333333333333, -49.96666666666667, -49.93333333333333, -49.86666666666667, -49.06666666666667, -49.63333333333333, -48.56666666666667, -48.96666666666667, -44.666666666666664, -49.266666666666666, -49.266666666666666, -49.1, -47.56666666666667, -49.86666666666667, -49.2, -39.4, -35.8, -35.6, -48.766666666666666, -44.166666666666664, -47.56666666666667, -47.733333333333334, -48.53333333333333, -49.9, -50.0, -46.233333333333334, -49.96666666666667, -50.0, -49.96666666666667, -49.96666666666667, -49.93333333333333, -50.0, -49.766666666666666]}