{"mean": [0.03333333333333333, 0.2111111111111111, 0.3166666666666667, 0.20555555555555552, 0.3, 0.42777777777777776, 0.30000000000000004, 0.26666666666666666, 0.24444444444444446, 0.3611111111111111, 0.33888888888888885, 0.4333333333333334, 0.3611111111111111, 0.3888888888888889, 0.4055555555555555, 0.5055555555555555, 0.5722222222222222, 0.5499999999999999, 0.4722222222222223, 0.4222222222222222, 0.4888888888888889, 0.5111111111111111, 0.6166666666666667, 0.6666666666666669, 0.5777777777777778, 0.65, 0.5833333333333334, 0.5111111111111111, 0.6055555555555555, 0.6166666666666667, 0.5944444444444444, 0.6277777777777778, 0.75, 0.8222222222222223, 0.7888888888888889, 0.7277777777777777, 0.7000000000000001, 0.7055555555555556, 0.5611111111111111, 0.5722222222222222, 0.6611111111111111, 0.6888888888888888, 0.6833333333333332, 0.6722222222222222, 0.7277777777777779, 0.7944444444444444, 0.8055555555555555, 0.7611111111111111, 0.7388888888888889, 0.7166666666666667], "upper": [0.06666666666666667, 0.7, 0.9666666666666667, 0.6, 0.8666666666666667, 1.0, 0.9666666666666667, 0.4666666666666667, 0.5, 0.5666666666666667, 0.7666666666666667, 0.9333333333333333, 1.0, 0.9666666666666667, 1.0, 1.0, 1.0, 1.0, 1.0, 0.9, 0.8333333333333334, 0.7666666666666667, 1.0, 1.0, 1.0, 0.9666666666666667, 1.0, 1.0, 1.0, 1.0, 1.0, 1.0, 1.0, 1.0, 1.0, 1.0, 0.9666666666666667, 0.9333333333333333, 0.8666666666666667, 1.0, 1.0, 1.0, 1.0, 1.0, 1.0, 1.0, 1.0, 1.0, 1.0, 1.0], "lower": [0.0, 0.0, 0.0, 0.0, 0.0, 0.0, 0.0, 0.1, 0.0, 0.06666666666666667, 0.1, 0.1, 0.06666666666666667, 0.1, 0.0, 0.1, 0.0, 0.03333333333333333, 0.03333333333333333, 0.03333333333333333, 0.06666666666666667, 0.2, 0.2, 0.3333333333333333, 0.2, 0.43333333333333335, 0.23333333333333334, 0.16666666666666666, 0.16666666666666666, 0.2, 0.06666666666666667, 0.26666666666666666, 0.4666666666666667, 0.43333333333333335, 0.5, 0.36666666666666664, 0.26666666666666666, 0.36666666666666664, 0.2, 0.2, 0.03333333333333333, 0.0, 0.2, 0.03333333333333333, 0.0, 0.03333333333333333, 0.03333333333333333, 0.03333333333333333, 0.0, 0.1]}