{"mean": [-1217.183990147538, -1226.5053550168739, -1265.53424527113, -1276.9261989001564, -1025.7271443754641, -1325.6994808025913, -1411.5607138380803, -1255.2411527790757, -1013.4924018621672, -1010.0663135043509, -1264.1256763671547, -838.1518613066955, -589.7633792504753, -981.2174950231907, -653.606325737045, -1022.617505365277, -914.6089406351562, -272.4720212478629, -652.3918874854048, -553.4139304755062, -839.6013735974166, -426.4719658802181, -748.8923103030988, -459.43093325721264, -939.2379962112564, -616.5491160350841, -540.2791196921522, -325.64480505692524, -532.1291601492408, -148.13862897307501, -527.7414022511917, -377.5159002305665, 35.71578566607065, -291.6301605572316, 15.761119676136962, 183.89290608468573, 222.11535667298116, -327.50154175987285, 207.86908560807058, 112.99265932129082, -117.37060410789597, -358.1946999532245, 55.55977989491158, 255.32847534865994, 5.768009841633055, 424.9302014226112, 96.44276753767345, 427.90590447084145, 281.61046887444405, 191.22854908174259, 106.38008119948624, 295.1086979646439, 225.3385801397229, 11.602330762053441, 404.32651924710143, 510.59174731880125, 535.4143530439255, 214.29458747066613, 440.23584170798216, -197.5318382984618, 206.47767842881197, 569.0698565599661, 631.4873741763616, 628.4249779409433, 390.86306734669967, 568.6774446914511, 590.1027001473325, 549.3424919992628, 476.31908067837077, 575.5308573710938, 346.38008604189093, 550.0266472190619, 622.9268501050686, 590.7654756082343, 522.5518436293805, 230.8741619447758, 507.0353223696273, 713.0249121828377, 502.5389963540253, 534.0837600507006, 607.293601860741, 607.8473003898763, 622.2511793787811, 657.1339054399291, 654.8494070779395, 472.0708170894657, 687.5234079217045, 681.0216453262327, 688.7903749831515, 698.8237572297821, 670.8604649168279, 673.1326920979544, 681.1722827811458, 704.4764667002454, 680.402643922737, 732.5043133910281, 699.984259084854, 594.9462742561823, 672.9435090133642, 684.1911775427724, 716.0207924066509], "upper": [-1010.3140325979303, -986.8121219072502, -1150.6398960015986, -960.3701892536304, -346.7878201881468, -998.2390410676871, -1332.9492271879203, -651.9970373575657, -330.12161664286555, -413.45225353627393, -864.5129479496245, -395.8912051669587, 547.0800608464715, -350.89589489448696, 662.2141697550843, -530.6599238518102, -216.75761816807417, 610.0296502294148, -164.96959343925494, 331.21904180522284, -298.4239614099224, 471.3598387549654, -156.80473612197, 581.2995277548248, -328.8862179132629, -86.34072218362685, 155.18399892161983, 192.86287260785312, 209.81632231388366, 529.7415286564442, 406.19776666111153, 618.8160874637822, 552.932522134801, 521.1980666501164, 596.8388459003057, 627.4717808867465, 650.2357184626205, 508.93169597487304, 641.4315009118133, 642.9522527530388, 635.2677407032387, 521.706049054871, 564.9155127372701, 558.6147212408054, 520.0925965069138, 571.6879945212492, 541.3739306777388, 633.1494297568731, 677.0007283435492, 676.186724421248, 599.374664077677, 608.1078307366934, 633.4347461282238, 700.1241067803131, 723.269780607716, 709.7599869476935, 658.5433912319228, 589.6998082109427, 564.8669892168833, 544.6514446527441, 715.0232602962323, 730.8868381890112, 705.4903168332373, 780.2824676888089, 745.5735423700786, 738.2089475553661, 743.786318705885, 688.6058434497955, 706.4020269251225, 747.9539519381847, 685.0882636629638, 698.4829623833108, 679.9997461269463, 700.0042523873852, 850.0525154351392, 866.3314389472912, 874.3389991713331, 901.0731082022647, 948.1179675740751, 927.1794035817433, 771.0821608690119, 746.8364580256043, 780.4985337974629, 796.4888021992385, 899.8414735589804, 932.4879780189175, 909.641275389126, 877.8078504313834, 844.4178495787447, 856.4639947069438, 842.0796235963022, 818.4860070158148, 841.8685114175396, 880.5522088678365, 811.2311507210425, 983.0801812390633, 865.7665652000242, 792.6891352044839, 868.8795346653089, 861.0314463115903, 1016.1270493854142], "lower": [-1424.7323552791106, -1374.8571690747074, -1339.4624235210968, -1464.8683290451993, -1388.9684529464157, -1466.3805058069322, -1495.5987430466273, -1561.4974183145566, -1523.7288389990504, -1478.90700840612, -1489.7738930321386, -1229.9948374163391, -1416.0060006675658, -1428.0493966458332, -1263.8626540417558, -1380.636220023214, -1347.2759209284275, -927.7081856077081, -1289.9115716223093, -1337.3170167103403, -1507.7231544594135, -1005.8800053361117, -1549.974859959753, -1065.40032461356, -1372.1680490540657, -1371.9592356025441, -1284.780740711991, -997.5421457617119, -1209.6472381286833, -1216.5681452275726, -1248.9741149237336, -1423.7832257507089, -1023.8375093758393, -1341.5366860741958, -1311.0035193860845, -900.4942383215549, -704.8890328493446, -1317.1198344715096, -1207.2920216103255, -574.3686518268181, -982.4205872913133, -1346.383386386403, -419.44772643953263, -549.4947422110282, -1135.8526146880513, -128.85302228635425, -1213.1418606952464, -21.436752771885736, -892.4991260026782, -981.5069148912695, -1179.085907380913, -645.7711383799715, -564.4941382749929, -385.92080871247146, 30.893100029030037, 290.22722522536145, 294.15946847614316, -645.4711759935171, 89.00499391092889, -1515.848485809614, -470.919491959193, 301.905746952697, 508.563475436554, 421.5288672227299, -951.3569789439955, 149.22186752476878, 499.0609154066564, 442.119447791632, -212.19597316457651, 443.8760780494971, -883.5316850580067, 129.3751178487293, 563.479820275604, 472.92616801141037, -204.1251621178348, -1400.9270008451995, -489.8074944546985, 601.1521398415874, -56.883530059050095, -293.8032354415874, 369.4145185723729, 496.8817219545157, 511.5835392971124, 430.5632932535629, 467.93366439408265, -579.5571764455278, 485.3723521122714, 569.1257423416267, 559.1723424657989, 608.9497988962123, 526.2025678000639, 602.3402750233773, 484.66165823138977, 575.9408944869782, 503.0982354506476, 591.0058039399512, 576.265948660874, 151.97913008561645, 519.0312067562816, 511.4186812446079, 524.4032382467695]}